date,Age,Eggs,Broken,Food,FoodConsumed,NumOfChickiens,Dead,Temp,Humidity
01/01/2018,697,1900,15,4505,305,2090,0,6.5,99
02/01/2018,698,1900,35,4205,300,2090,0,11.8,83
03/01/2018,699,1930,30,3910,295,2090,0,11.6,80
04/01/2018,700,1930,20,3615,295,2090,1,7.2,99
05/01/2018,701,1970,25,3325,290,2089,0,6.5,99
06/01/2018,702,1970,30,3015,310,2089,0,10.2,99
07/01/2018,703,1970,30,2720,295,2089,0,12.4,67
08/01/2018,704,1980,30,2430,290,2089,0,13.7,52
09/01/2018,705,1990,20,2115,315,2089,0,11.6,78
10/01/2018,706,1970,25,1815,300,2089,0,12,77
11/01/2018,707,1980,20,1490,325,2089,0,14.9,41
12/01/2018,708,1980,25,1190,300,2089,0,13.8,66
13/01/2018,709,1970,20,890,300,2089,2,14.5,47
14/01/2018,710,1970,20,590,300,2087,0,9.7,72
15/01/2018,711,1970,20,5290,300,2087,0,10.8,88
16/01/2018,712,1970,25,4990,300,2087,1,11.1,77
17/01/2018,713,1970,25,4685,305,2086,0,7.9,99
18/01/2018,714,1970,25,4380,305,2086,0,8.4,99
19/01/2018,715,1970,20,4080,300,2086,1,6.6,70
20/01/2018,716,1980,30,3770,310,2085,0,10.6,69
21/01/2018,717,1980,25,3460,310,2085,2,12.3,49
22/01/2018,718,1980,25,3140,320,2083,0,12.6,64
23/01/2018,719,1980,25,2835,305,2083,1,9.3,93
24/01/2018,720,1970,20,2520,315,2082,1,7.4,99
25/01/2018,721,1970,25,2210,310,2081,0,5.2,99
26/01/2018,722,1980,25,1900,310,2081,1,1,99
27/01/2018,723,1980,25,1595,305,2080,0,7.4,99
28/01/2018,724,1990,20,1285,310,2080,1,10.2,77
29/01/2018,725,1990,20,980,305,2079,0,10.5,68
30/01/2018,726,1990,20,670,310,2079,0,10.5,77
31/01/2018,727,1990,20,310,360,2079,0,10.4,77
01/02/2018,728,1420,50,1195,295,2079,1,14.5,48
02/02/2018,729,1390,50,950,245,2078,1,15.6,44
03/02/2018,730,1380,50,695,255,2077,1,17.9,29
04/02/2018,731,1390,50,435,260,2076,1,18.2,24
05/02/2018,732,1390,50,170,265,2075,1,17.5,30
06/02/2018,733,1390,55,930,240,2074,1,19.1,26
07/02/2018,734,1380,55,675,255,2073,2,19.5,35
08/02/2018,735,1380,55,425,250,2071,1,18.2,45
09/02/2018,736,1380,55,170,255,2070,1,16.5,54
10/02/2018,737,1390,55,0,170,2069,1,21.1,23
11/02/2018,738,1390,55,0,0,2068,2,18,44
12/02/2018,739,1000,45,0,0,0,0,11.9,91
13/02/2018,,0,0,0,0,0,0,8.8,99
14/02/2018,,0,0,0,0,0,0,10.3,87
15/02/2018,,0,0,0,0,0,0,14,48
16/02/2018,,0,0,0,0,0,0,16,55
17/02/2018,,0,0,0,0,0,0,5.9,99
18/02/2018,,0,0,0,0,0,0,10.1,99
19/02/2018,,0,0,0,0,0,0,11.1,84
20/02/2018,,0,0,0,0,0,0,14,61
21/02/2018,,0,0,0,0,0,0,14.8,58
22/02/2018,,0,0,0,0,0,0,13.3,72
23/02/2018,,0,0,0,0,0,0,12.5,81
24/02/2018,,0,0,0,0,0,0,14.2,61
25/02/2018,,0,0,0,0,0,0,14.3,64
26/02/2018,,0,0,0,0,0,0,10.3,90
27/02/2018,,0,0,0,0,0,0,12.1,74
28/02/2018,,0,0,0,0,0,0,14.6,43
01/03/2018,120,0,0,2720,250,2500,0,16.7,44
02/03/2018,121,0,0,2470,250,2500,0,16.5,50
03/03/2018,122,0,0,2220,250,2500,0,20.3,36
04/03/2018,123,0,0,1970,250,2500,0,20.9,37
05/03/2018,124,0,0,1790,180,2500,0,20.7,45
06/03/2018,125,0,0,1580,210,2500,0,18.7,63
07/03/2018,126,0,0,1380,200,2500,0,17.6,60
08/03/2018,127,0,0,1180,200,2500,0,21.8,34
09/03/2018,128,0,0,960,220,2500,0,13.1,74
10/03/2018,129,0,0,760,200,2500,0,10.5,93
11/03/2018,130,0,0,560,200,2500,0,12,92
12/03/2018,131,0,0,360,200,2500,0,13.6,83
13/03/2018,132,0,0,160,200,2500,0,16.5,54
14/03/2018,133,0,0,2965,175,2500,0,16.7,68
15/03/2018,134,0,0,2775,360,2500,0,14,73
16/03/2018,135,0,0,2605,170,2500,0,13.3,53
17/03/2018,136,0,0,2430,175,2500,0,15.5,55
18/03/2018,137,0,0,2230,200,2500,0,21.7,19
19/03/2018,138,0,0,2060,170,2500,0,24.8,22
20/03/2018,139,0,0,1870,190,2500,0,18,63
21/03/2018,140,0,0,1680,190,2500,0,21,25
22/03/2018,141,0,0,1490,190,2500,0,24.6,17
23/03/2018,142,0,0,1290,200,2500,0,25.3,21
24/03/2018,143,0,0,1080,210,2500,0,14.5,67
25/03/2018,144,0,0,900,180,2500,0,14.4,66
26/03/2018,145,0,0,710,190,2500,0,23.6,28
27/03/2018,146,0,0,330,380,2500,0,23,63
28/03/2018,147,0,0,4175,175,2500,0,20.1,59
29/03/2018,148,0,0,3980,195,2500,0,12.8,80
30/03/2018,149,0,0,3780,200,2500,0,10.4,96
01/04/2018,150,60,0,3560,220,2500,0,14.7,75
02/04/2018,151,60,0,3370,190,2500,0,21.1,40
03/04/2018,152,70,0,3170,200,2500,0,22.2,27
04/04/2018,153,80,0,2950,220,2500,0,17.3,60
05/04/2018,154,120,0,2740,210,2500,0,22.6,44
06/04/2018,155,180,0,2520,220,2500,0,24.3,19
07/04/2018,156,200,0,2300,220,2500,0,24.3,28
08/04/2018,157,250,0,2080,220,2500,0,24.8,31
09/04/2018,158,270,0,1870,210,2500,0,17,71
10/04/2018,159,310,0,1650,220,2500,0,15.1,67
11/04/2018,160,490,0,1420,230,2500,0,12.4,89
12/04/2018,161,550,0,1180,240,2500,0,15.5,80
13/04/2018,162,600,0,940,240,2500,0,16.2,75
14/04/2018,163,690,0,690,250,2500,0,22.6,43
15/04/2018,164,810,0,460,230,2500,0,20.9,64
16/04/2018,165,900,0,220,240,2500,0,20.3,63
17/04/2018,166,990,0,4880,240,2500,0,22.3,21
18/04/2018,167,1200,0,4595,285,2500,0,25.8,15
19/04/2018,168,1170,0,4355,240,2500,0,28.4,19
20/04/2018,169,1350,0,4120,235,2500,0,23.1,24
21/04/2018,170,1410,0,3860,260,2500,0,17,73
22/04/2018,171,1560,0,3605,255,2500,0,15.7,80
23/04/2018,172,1650,0,3340,265,2500,0,15.7,56
24/01/2018,173,1680,0,3075,265,2500,0,18.3,53
25/04/2018,174,1830,0,2820,255,2500,0,25.2,20
26/04/2018,175,1860,0,2575,245,2500,0,13.9,76
27/04/2018,176,1890,0,2310,265,2500,0,15.9,85
28/04/2018,177,2040,0,2050,260,2500,0,16.6,79
29/04/2018,178,2100,0,1775,275,2500,0,20.2,70
30/04/2018,179,2160,0,1500,275,2500,0,23.8,60
01/05/2018,180,2100,0,1220,280,2500,0,25.8,35
02/05/2018,181,2210,0,950,270,2500,0,26.6,35
03/05/2018,182,2210,0,700,250,2500,0,27.7,31
04/05/2018,183,2240,0,450,250,2500,0,29.6,23
05/05/2018,184,2240,0,190,260,2500,0,27.8,31
06/05/2018,185,2260,0,2790,110,2500,0,23,43
07/05/2018,186,2260,0,2490,300,2500,0,24.4,21
08/05/2018,187,2280,0,2240,250,2500,0,19.2,76
09/05/2018,188,2280,0,1985,255,2500,0,15.2,86
10/05/2018,189,2280,0,1690,295,2500,0,17.6,75
11/05/2018,190,2290,0,1410,280,2500,0,24.9,34
12/05/2018,191,2290,0,1130,280,2500,0,20.9,48
13/05/2018,192,2290,0,865,265,2500,0,18.4,74
14/05/2018,193,2300,0,565,300,2500,0,17.8,77
15/05/2018,194,2300,0,280,285,2500,0,17.6,80
16/05/2018,195,2330,0,15,265,2500,0,21.7,68
17/05/2018,196,2330,0,4795,295,2500,0,25.4,38
18/05/2018,197,2310,0,4515,280,2500,0,30.2,19
19/05/2018,198,2310,0,4280,235,2500,0,32.1,18
20/05/2018,199,2310,0,4040,240,2500,0,33.2,24
21/05/2018,200,2330,0,3795,245,2500,0,28.6,27
22/05/2018,201,2340,0,3545,250,2500,0,27.8,31
23/05/2018,202,2300,0,3320,225,2500,0,28.7,31
24/05/2018,203,2310,0,3075,245,2500,0,23.8,61
25/05/2018,204,2310,0,2820,255,2500,0,23.6,67
26/05/2018,205,2310,0,2555,265,2500,0,27.4,36
27/05/2018,206,2310,0,2295,260,2500,0,27.7,43
28/05/2018,207,2310,0,2040,255,2500,0,25.9,52
29/05/2018,208,2310,0,1795,245,2500,0,24.6,70
30/05/2018,209,2280,0,1550,245,2500,0,21.3,81
31/05/2018,210,2300,0,1305,245,2500,0,21.1,71
01/06/2018,211,2240,0,1055,250,2500,0,21.9,67
02/06/2018,212,2240,0,800,255,2500,0,21.4,70
03/06/2018,213,2240,0,540,260,2500,0,22,62
04/06/2018,214,2220,0,5330,230,2500,0,22.2,66
05/06/2018,215,2220,0,5095,235,2500,0,21.6,77
06/06/2018,216,2220,0,4835,260,2500,0,23.9,66
07/06/2018,217,2220,0,4570,265,2500,0,26.8,59
08/06/2018,218,2180,0,4295,275,2500,0,30.5,39
09/06/2018,219,2180,0,4040,255,2500,0,27.3,54
10/06/2018,220,2180,0,3775,265,2500,0,25.9,59
11/06/2018,221,2180,0,3505,270,2500,0,26.7,52
12/06/2018,222,2160,0,3240,265,2500,0,22.4,62
13/06/2018,223,2160,0,2965,275,2500,0,21.3,78
14/06/2018,224,2160,0,2695,270,2500,0,22,75
15/06/2018,225,2150,0,2420,275,2500,0,25.1,50
16/06/2018,226,2150,0,2155,265,2500,0,25.2,53
17/06/2018,227,2150,0,1890,265,2500,0,33.6,16
18/06/2018,228,2150,0,1645,245,2500,0,24.7,52
19/06/2018,229,2120,0,1385,260,2500,0,23.4,66
20/06/2018,230,2120,0,1105,280,2500,0,24.9,51
21/06/2018,231,2120,0,845,260,2500,0,23.9,57
22/06/2018,232,2120,0,560,285,2500,0,24.2,65
23/06/2018,233,2100,0,300,260,2500,0,24.4,58
24/06/2018,234,2100,0,4245,260,2500,0,24.6,53
25/06/2018,235,2100,0,3985,260,2500,0,24.2,60
26/06/2018,236,2100,0,3715,270,2500,0,25.2,63
27/06/2018,237,2100,0,3435,280,2500,0,26.5,62
28/06/2018,238,2100,0,3155,280,2500,0,30.6,42
29/06/2018,239,2100,0,2875,280,2500,0,26.8,47
30/06/2018,240,2100,0,2615,260,2500,0,23.5,56
01/07/2018,241,2110,0,2345,270,2500,0,21.8,72
02/07/2018,242,2110,0,2060,285,2500,0,25.3,59
03/07/2018,243,2110,0,1790,270,2500,0,25.9,64
04/07/2018,244,2110,0,1510,280,2500,0,26,61
05/07/2018,245,2110,0,1240,270,2500,0,25.2,66
06/07/2018,246,2110,0,955,285,2500,0,27.5,66
07/07/2018,247,2110,0,680,275,2500,0,27.5,57
08/07/2018,248,2110,0,395,285,2500,0,27.9,52
09/07/2018,249,2110,0,125,270,2500,0,28.8,49
10/07/2018,250,2110,0,4925,280,2500,0,27.6,48
11/07/2018,251,2110,0,4645,280,2500,0,26.4,57
12/07/2018,252,2110,0,4370,275,2500,0,25.8,53
13/07/2018,253,2110,0,4100,270,2500,0,25.5,60
14/07/2018,254,2110,0,3830,270,2500,0,23.2,82
15/07/2018,255,2110,0,3575,255,2500,0,26.3,70
16/07/2018,256,2110,0,3295,280,2500,0,27.1,57
17/07/2018,257,2110,0,3005,290,2500,0,28.7,56
18/07/2018,258,2110,0,2730,275,2500,0,26,70
19/07/2018,259,2110,0,2440,290,2500,0,27.9,55
20/07/2018,260,2110,0,2165,275,2500,0,27.5,53
21/07/2018,261,2110,0,1890,275,2500,0,25.1,68
22/07/2018,262,2110,0,1605,285,2500,0,25.5,65
23/07/2018,263,2110,0,1330,275,2500,0,25.9,67
24/07/2018,264,2110,0,1040,290,2500,0,25.9,72
25/07/2018,265,2100,0,770,270,2500,0,30.1,43
26/07/2018,266,2100,0,515,255,2500,0,33.9,21
27/07/2018,267,2100,0,5275,250,2500,0,27.4,52
28/07/2018,268,2100,0,5025,250,2500,0,25.9,63
29/07/2018,269,2100,0,4750,275,2500,0,25.3,56
30/07/2018,270,2100,0,4475,275,2500,0,25.8,61
31/07/2018,271,2100,0,4205,270,2500,0,25.9,62
01/08/2018,272,2170,0,3930,275,2500,0,25.3,63
02/08/2018,273,2170,0,3655,275,2500,1,25.5,59
03/08/2018,274,2170,0,3400,255,2499,0,24.8,74
04/08/2018,275,2170,0,3120,280,2499,0,26.1,75
05/08/2018,276,2170,0,2850,270,2499,0,27.4,67
06/08/2018,277,2150,0,2575,275,2499,0,26.6,62
07/08/2018,278,2160,0,2320,255,2499,0,26.1,66
08/08/2018,279,2160,0,2050,270,2499,1,24.9,71
09/08/2018,280,2160,0,1765,285,2498,0,26.2,69
10/08/2018,281,2150,0,1480,285,2498,0,27.7,67
11/08/2018,282,2160,0,1210,270,2498,0,28.3,66
12/08/2018,283,2160,0,940,270,2498,0,27.6,62
13/08/2018,284,2160,0,675,265,2498,1,27.3,65
14/08/2018,285,2160,0,405,270,2497,0,25.8,56
15/08/2018,286,2130,0,5110,270,2497,0,25.7,67
16/08/2018,287,2130,0,4955,155,2497,0,26.4,67
17/08/2018,288,2130,0,4670,285,2497,0,26.7,57
18/08/2018,289,2160,0,4405,265,2497,1,25.5,60
19/08/2018,290,2160,0,4130,275,2496,0,25.7,62
20/08/2018,291,2160,0,3850,280,2496,0,25.9,58
21/08/2018,292,2160,0,3575,275,2496,0,26.8,57
22/08/2018,293,2160,0,3295,280,2496,1,26.9,60
23/08/2018,294,2160,0,3025,270,2495,0,25.5,72
24/08/2018,295,2160,0,2750,275,2495,0,27.9,63
25/08/2018,296,2160,0,2480,270,2495,0,28.6,58
26/08/2018,297,2160,0,2210,270,2495,1,26.8,59
27/08/2018,298,2160,0,1930,280,2494,0,25.5,56
28/08/2018,299,2160,0,1660,270,2494,0,25.6,62
29/08/2018,300,2160,0,1360,300,2494,0,26.5,57
30/08/2018,301,2160,0,1085,275,2494,1,28.9,60
31/08/2018,302,2160,0,810,275,2493,0,27.7,62
01/09/2018,303,2200,0,545,265,2493,0,27.8,62
02/09/2018,304,2200,0,280,265,2493,0,27.9,66
03/09/2018,305,2200,0,4955,225,2493,1,27.3,68
04/09/2018,306,2200,0,4710,245,2492,0,28,62
05/09/2018,307,2200,0,4445,265,2492,0,29.4,54
06/09/2018,308,2200,0,4160,285,2492,0,27.9,57
07/09/2018,309,2200,0,3880,280,2492,1,25.3,59
08/09/2018,310,2200,0,3590,290,2491,0,24.9,57
09/09/2018,311,2200,0,3305,285,2491,0,25.1,54
10/09/2018,312,2190,0,3020,285,2491,1,24.2,57
11/09/2018,313,2190,0,2735,285,2490,0,24.8,59
12/09/2018,314,2190,0,2450,285,2490,0,26.4,54
13/09/2018,315,2190,0,2165,285,2490,1,29.6,48
14/09/2018,316,2190,0,1880,285,2489,0,26.4,32
15/09/2018,317,2190,0,1590,290,2489,0,24.4,58
16/09/2018,318,2190,0,1310,280,2489,1,24.6,56
17/09/2018,319,2190,0,1015,295,2488,0,24.1,65
18/09/2018,320,2190,0,745,270,2488,0,25.6,67
19/09/2018,321,2190,0,450,295,2488,1,24.9,70
20/09/2018,322,2190,0,5265,285,2487,0,25.3,65
21/09/2018,323,2190,0,5000,265,2487,0,25.9,43
22/09/2018,324,2190,0,4730,270,2487,1,24.9,58
23/09/2018,325,2190,0,4470,260,2486,0,25.9,65
24/09/2018,326,2190,0,4175,295,2486,0,26.9,47
25/09/2018,327,2190,0,3900,275,2486,1,27.9,59
26/09/2018,328,2190,0,3615,285,2485,0,24.8,68
27/09/2018,329,2190,0,3450,165,2485,0,24.6,66
28/09/2018,330,2190,0,3150,300,2485,1,24.8,61
29/09/2018,331,2190,0,2865,285,2484,0,28.2,41
30/09/2018,332,2190,0,2585,280,2484,0,30.8,34
01/10/2018,333,2090,0,2300,285,2484,1,33.6,31
02/10/2018,334,2090,0,2010,290,2483,0,22.8,84
03/10/2018,335,2100,0,1740,270,2483,0,26.6,65
04/10/2018,336,2080,180,1465,275,2483,1,29.1,44
05/10/2018,337,2090,0,1180,285,2482,0,25.3,46
06/10/2018,338,2100,0,895,285,2482,0,23.9,59
07/10/2018,339,2080,0,620,275,2482,1,23.4,69
08/10/2018,340,2080,0,340,280,2481,0,21.8,67
09/10/2018,341,2090,0,45,295,2481,0,23.2,61
10/10/2018,342,2090,0,4850,260,2481,1,23.2,59
11/10/2018,343,2080,0,4580,270,2480,0,22,73
12/10/2018,344,2090,0,4300,280,2480,0,20.6,72
13/10/2018,345,2080,0,4000,300,2480,0,22.4,65
14/10/2018,346,2090,0,3705,295,2480,0,23,60
15/10/2018,347,2090,0,3420,285,2480,0,21.6,76
16/10/2018,348,2080,0,3130,290,2480,0,22,76
17/10/2018,349,2080,0,2845,285,2480,0,22.1,78
18/10/2018,350,2080,0,2560,285,2480,0,22,79
19/10/2018,351,2090,0,2255,305,2480,0,22.2,80
20/10/2018,352,2090,0,1960,295,2480,0,22.3,74
21/10/2018,353,2080,0,1665,295,2480,0,21.3,60
22/10/2018,354,2080,0,1375,290,2480,0,26.9,30
23/10/2018,355,2090,0,1065,310,2480,0,26.3,29
24/10/2018,356,2090,0,765,300,2480,0,25.2,39
25/10/2018,357,2090,0,475,290,2480,0,17.4,99
26/10/2018,358,2090,0,220,255,2480,0,15,55
27/10/2018,359,2080,0,4800,310,2480,0,17.6,45
28/10/2018,360,2070,0,4590,210,2480,0,19.5,21
29/10/2018,361,2070,0,4475,115,2480,0,21,27
30/10/2018,362,2070,0,4190,285,2480,0,22.3,20
31/10/2018,363,2070,0,3895,295,2480,0,23,25
01/11/2018,364,1970,0,3605,290,2480,0,23.6,17
02/11/2018,365,1940,180,3335,270,2480,0,23.2,16
03/11/2018,366,1900,0,3055,280,2480,0,22.3,16
04/11/2018,367,1900,0,2770,285,2480,0,10.8,86
05/11/2018,368,1900,0,2525,245,2480,0,15.6,78
06/11/2018,369,1860,0,2265,260,2480,0,17.1,66
07/11/2018,370,1860,0,2000,265,2480,0,18.3,58
08/11/2018,371,1860,0,1740,260,2480,0,18.2,58
09/11/2018,372,1870,0,1465,275,2480,0,16.6,68
10/11/2018,373,1850,0,1180,285,2480,0,16.8,66
11/11/2018,374,1850,0,895,285,2480,0,17.7,68
12/11/2018,375,1850,0,630,265,2480,0,16,61
13/11/2018,376,1830,0,380,250,2480,0,18.7,53
14/11/2018,377,1830,0,5180,250,2480,0,13.8,82
15/11/2018,378,1830,0,4900,280,2480,0,15.9,53
16/11/2018,379,1830,0,4625,275,2480,0,13.1,100
17/11/2018,380,1830,180,4345,280,2480,0,16.6,64
18/11/2018,381,1830,0,4045,300,2480,0,19.6,41
19/11/2018,382,1830,0,3750,295,2480,0,20.8,43
20/11/2018,383,1830,0,3470,280,2480,0,20.5,49
21/11/2018,384,1820,0,3210,260,2480,0,16,84
22/11/2018,385,1820,180,2940,270,2480,0,15.5,88
23/11/2018,386,1830,0,2630,310,2480,0,9,100
24/11/2018,387,1830,0,2360,270,2480,0,13.1,80
25/11/2018,388,1820,0,2075,285,2480,0,14.3,77
26/11/2018,389,1830,0,1785,290,2480,0,16.4,66
27/11/2018,390,1830,0,1490,295,2480,0,18,45
28/11/2018,391,1820,180,1180,310,2480,0,18.5,53
29/11/2018,392,1850,30,900,280,2480,0,17.4,69
30/11/2018,393,1830,60,610,290,2480,0,17.3,64
01/12/2018,394,1800,50,350,260,2480,0,10.9,100
02/12/2018,395,1800,45,3130,265,2480,0,14.7,65
03/12/2018,396,1800,45,2830,300,2480,0,15.8,57
04/12/2018,397,1800,50,2540,290,2480,0,13.5,73
05/12/2018,398,1800,45,2250,290,2480,0,12.5,73
06/12/2018,399,1800,45,1960,290,2480,0,8.2,100
07/12/2018,400,1790,40,1685,275,2480,0,9.6,100
08/12/2018,401,1790,40,1410,275,2480,0,9.9,100
09/12/2018,402,1790,40,1115,295,2480,0,11.4,98
10/12/2018,403,1790,40,820,295,2480,0,11.1,100
11/12/2018,404,1790,40,515,305,2480,0,12.1,90
12/12/2018,405,1790,40,210,305,2480,0,12.4,90
13/12/2018,406,1800,40,5025,225,2480,0,10.5,76
14/12/2018,407,1800,40,4710,315,2480,0,12.9,65
15/12/2018,408,1800,30,4405,305,2480,0,14,60
16/12/2018,409,1800,50,4110,295,2480,0,13.5,72
17/12/2018,410,1790,40,3820,290,2480,0,11.8,89
18/12/2018,411,1790,35,3540,290,2480,0,10.5,100
19/12/2018,412,1790,35,3250,290,2480,0,10.5,96
20/12/2018,413,1800,40,2965,285,2480,0,11.7,92
21/12/2018,414,1800,40,2675,290,2480,0,12.5,84
22/12/2018,415,1800,40,2360,315,2480,0,11.2,78
23/12/2018,416,1790,40,2060,300,2480,0,11.6,81
24/12/2018,417,1790,40,1785,275,2480,0,12.9,79
25/12/2018,418,1760,40,1495,290,2480,0,13.1,78
26/12/2018,419,1780,40,1185,310,2480,0,10,100
27/12/2018,420,1780,40,875,310,2480,0,7,100
28/12/2018,421,1780,40,580,295,2480,0,7.6,100
29/12/2018,422,1780,40,310,270,2480,0,8,100
30/12/2018,423,1780,40,5075,250,2480,0,7.4,100
31/12/2018,424,1780,40,4810,265,2480,0,8.1,100
01/01/2019,425,1900,15,4505,305,2480,0,12.5,64
02/01/2019,426,1900,35,4205,300,2480,0,9.8,85
03/01/2019,427,1930,30,3910,295,2480,0,7.6,100
04/01/2019,428,1930,20,3615,295,2480,1,11.3,68
05/01/2019,429,1970,25,3325,290,2479,0,10.6,70
06/01/2019,430,1970,30,3015,310,2479,0,6.6,78
07/01/2019,431,1970,30,2720,295,2479,0,5.2,100
08/01/2019,432,1980,30,2430,290,2479,0,6.8,100
09/01/2019,433,1990,20,2115,315,2479,0,5,100
10/01/2019,434,1970,25,1815,300,2479,0,9.8,70
11/01/2019,435,1980,20,1490,325,2479,0,11,51
12/01/2019,436,1980,25,1190,300,2479,0,11.8,54
13/01/2019,437,1970,20,890,300,2479,2,7.7,96
14/01/2019,438,1970,20,590,300,2477,0,6,100
15/01/2019,439,1970,20,5290,300,2477,0,10.1,63
16/01/2019,440,1970,25,4990,300,2477,1,5.7,100
17/01/2019,441,1970,25,4685,305,2476,0,7.2,73
18/01/2019,442,1970,25,4380,305,2476,0,8.2,71
19/01/2019,443,1970,20,4080,300,2476,1,9.9,60
20/01/2019,444,1980,30,3770,310,2475,0,11.1,55
21/01/2019,445,1980,25,3460,310,2475,2,12.2,49
22/01/2019,446,1980,25,3140,320,2473,0,13.4,48
23/01/2019,447,1980,25,2835,305,2473,1,13.5,57
24/01/2019,448,1970,20,2520,315,2472,1,14.3,43
25/01/2019,449,1970,25,2210,310,2471,0,12.5,67
26/01/2019,450,1980,25,1900,310,2471,1,15.8,61
27/01/2019,451,1980,25,1595,305,2470,0,13.9,42
28/01/2019,452,1990,20,1285,310,2470,1,7,100
29/01/2019,453,1990,20,980,305,2469,0,10.3,95
30/01/2019,454,1990,20,670,310,2469,0,13,59
31/01/2019,455,1990,20,310,360,2469,0,11.1,66
01/02/2019,456,2000,20,4060,310,2469,0,11.1,70
02/02/2019,457,2000,20,3760,300,2469,0,11.9,69
03/02/2019,458,2010,20,3450,310,2469,1,14.9,44
04/02/2019,459,2010,30,3125,325,2468,0,15,41
05/02/2019,460,2010,15,2810,315,2468,1,17.1,36
06/02/2019,461,2000,20,2495,315,2467,0,10.1,78
07/02/2019,462,2000,25,2205,290,2467,0,11.4,96
08/02/2019,463,2000,20,1890,315,2467,2,11.3,70
09/02/2019,464,2000,25,1585,305,2465,0,9.1,100
10/02/2019,465,2010,30,1270,315,2465,0,8.3,96
11/02/2019,466,2010,25,980,290,2465,0,8.7,87
12/02/2019,467,2010,25,655,325,2465,0,11.3,74
13/02/2019,468,2010,25,350,305,2465,0,13.3,50
14/02/2019,469,2010,20,30,320,2465,0,8.2,69
15/02/2019,470,2000,20,5130,300,2465,0,5.8,91
16/02/2019,471,2000,20,4830,300,2465,1,6.3,100
17/02/2019,472,2000,30,4530,300,2464,0,6.3,99
18/02/2019,473,2000,25,4235,295,2464,0,8,90
19/02/2019,474,1990,15,3945,290,2464,0,11.2,81
20/02/2019,475,1990,20,3655,290,2464,1,9.9,79
21/02/2019,476,1990,30,3355,300,2463,1,6.2,100
22/02/2019,477,1990,20,3060,295,2462,0,11.4,77
23/02/2019,478,1990,20,2735,325,2462,0,13.1,52
24/02/2019,479,1990,30,2435,300,2462,0,14,59
25/02/2019,480,1990,20,2135,300,2462,0,18.1,36
26/02/2019,481,1990,20,1800,335,2462,0,11.2,89
27/02/2019,482,1990,20,1510,290,2462,0,7.6,100
28/02/2019,483,1990,15,1220,290,2462,0,6.1,88
01/03/2019,484,1920,25,920,300,2462,1,9.1,67
02/03/2019,485,1910,25,620,300,2461,0,9.1,93
03/03/2019,486,1900,25,320,300,2461,1,9.2,67
04/03/2019,487,1900,20,5090,300,2460,0,11.9,83
05/03/2019,488,1900,20,4800,290,2460,0,10.8,91
06/03/2019,489,1900,20,4510,290,2460,1,12.9,48
07/03/2019,490,1900,20,4200,310,2459,0,8.5,100
08/03/2019,491,1900,17,3900,300,2459,1,12.5,53
09/03/2019,492,1900,31,3595,305,2458,0,15.1,34
10/03/2019,493,1900,12,3290,305,2458,1,11.8,78
11/03/2019,494,1890,18,2985,305,2457,0,12.5,85
12/03/2019,495,1890,22,2690,295,2457,0,17.5,35
13/03/2019,496,1880,30,2370,320,2457,1,18.1,43
14/03/2019,497,1880,20,2060,310,2456,0,8.6,100
15/03/2019,498,1880,30,1780,280,2456,0,11.3,75
16/03/2019,499,1880,30,1490,290,2456,1,6.7,100
17/03/2019,500,1880,15,1210,280,2455,0,10.4,92
18/03/2019,501,1880,15,900,310,2455,1,13.9,79
19/03/2019,502,1880,30,600,300,2454,0,17.3,72
20/03/2019,503,1880,30,4260,300,2454,0,18.9,61
21/03/2019,504,1870,30,3940,320,2454,0,17.9,50
22/03/2019,505,1870,25,3625,315,2454,1,13.8,100
23/03/2019,506,1870,20,3345,280,2453,0,16.3,63
24/03/2019,507,1870,25,3045,300,2453,0,14.3,56
25/03/2019,508,1870,20,2750,295,2453,0,7.8,100
26/03/2019,509,1870,20,2470,280,2453,0,12.1,62
27/03/2019,510,1870,25,2160,310,2453,0,11.6,88
28/03/2019,511,1870,20,1865,295,2453,0,13.9,83
29/03/2019,512,1870,20,1565,300,2453,1,13.2,65
30/03/2019,513,1870,20,1265,300,2452,0,10.3,91
31/03/2019,514,1870,30,975,290,2452,0,6.5,100
01/04/2019,515,1850,20,685,290,2452,1,8.5,100
02/04/2019,516,1850,30,400,285,2451,0,11.3,88
03/04/2019,517,1850,25,100,300,2451,1,14.3,58
04/04/2019,518,1800,25,0,100,2450,0,17.7,45
05/04/2019,519,1800,25,0,0,2450,0,13.6,83
06/04/2019,520,1620,40,0,0,2450,0,14.4,54
07/04/2019,521,1490,75,0,0,2450,0,21.5,50
08/04/2019,522,1300,120,0,0,2450,0,19.4,47
09/04/2019,523,600,120,0,0,2450,0,20.2,43
10/04/2019,524,320,45,0,0,2450,0,14,68
11/04/2019,525,0,0,0,0,2450,1,14.1,77
12/04/2019,526,0,0,0,0,2449,1,19.6,37
13/04/2019,527,0,0,0,0,2448,1,24.3,23
14/04/2019,528,0,0,0,0,2447,0,13.5,94
15/04/2019,529,0,0,4795,0,2447,1,11.1,100
16/04/2019,530,0,0,4480,315,2446,2,14.7,77
17/04/2019,531,0,0,4170,310,2444,0,13.1,82
18/04/2019,532,0,0,3970,200,2444,0,13.6,62
19/04/2019,533,0,0,3690,280,2444,0,10.8,81
20/04/2019,534,0,0,3400,290,2444,0,12.1,80
21/04/2019,535,0,0,3085,315,2444,0,9.7,63
22/04/2019,536,0,0,2775,310,2444,0,9.7,88
23/04/2019,537,0,0,2475,300,2444,0,14.2,76
24/04/2019,538,0,0,2145,330,2444,0,20,31
25/04/2019,539,40,0,1860,285,2444,0,21.8,41
26/04/2019,540,90,5,1560,300,2444,0,23,29
27/04/2019,541,150,5,1300,260,2444,1,22.8,22
28/04/2019,542,280,10,1035,265,2443,0,22.8,38
29/04/2019,543,420,10,810,225,2443,0,25.8,27
30/04/2019,544,440,15,565,245,2443,0,23.3,36
01/05/2019,545,1080,15,330,235,2443,1,26.6,27
02/05/2019,546,1080,5,100,230,2442,1,25.8,32
03/05/2019,547,1080,10,4930,230,2441,0,16.9,60
04/05/2019,548,1260,15,4725,205,2441,1,16.4,82
05/05/2019,549,1250,5,4445,280,2440,0,26.9,19
06/05/2019,550,1500,5,4160,285,2440,0,26.3,29
07/05/2019,551,1600,3,3855,305,2440,0,16.5,74
08/05/2019,552,1600,7,3540,315,2440,0,16.3,63
09/05/2019,553,1700,5,3230,310,2440,1,15.2,61
10/05/2019,554,1700,5,2900,330,2439,0,15.8,65
11/05/2019,555,1700,5,2565,335,2439,0,22.7,48
12/05/2019,556,1730,10,2240,325,2439,0,25.6,29
13/05/2019,557,1730,5,1900,340,2439,1,26.9,20
14/05/2019,558,1730,5,1580,320,2438,1,30.5,23
15/05/2019,559,1780,5,1340,240,2437,0,32.1,23
16/05/2019,560,1800,5,1055,285,2437,0,28.3,31
17/05/2019,561,1800,20,755,300,2437,1,27.6,26
18/05/2019,562,1800,10,500,255,2436,1,21.7,48
19/05/2019,563,1820,10,200,300,2435,0,20.8,50
20/05/2019,564,1820,15,4915,300,2435,0,25.1,36
21/05/2019,565,1820,10,4600,315,2435,0,28,27
22/05/2019,566,1850,5,4310,290,2435,0,30.9,19
23/05/2019,567,1850,10,4050,260,2435,7,35.2,12
24/05/2019,568,1860,10,3790,260,2428,7,33,20
25/05/2019,569,1860,5,3510,280,2421,0,24.6,55
26/05/2019,570,1830,10,3220,290,2421,0,21.9,61
27/05/2019,571,1830,15,2925,295,2421,1,25.5,64
28/05/2019,572,1830,20,2630,295,2420,0,28.7,33
29/05/2019,573,1850,10,2330,300,2420,0,32.3,17
30/05/2019,574,1850,15,2095,235,2420,0,34.5,18
31/05/2019,575,1850,15,1815,280,2420,0,31.8,24
01/06/2019,576,1840,15,1525,290,2420,1,27.1,35
02/06/2019,577,1840,20,1235,290,2419,1,27.6,42
03/06/2019,578,1820,20,960,275,2418,0,28,33
04/06/2019,579,1820,25,660,300,2418,1,27.8,34
05/06/2019,580,1820,25,415,245,2417,0,28.8,31
06/06/2019,581,1820,20,5225,230,2417,1,27.5,35
07/06/2019,582,1820,20,4995,230,2416,0,26.3,36
08/06/2019,583,1820,10,4700,295,2416,0,24.4,72
09/06/2019,584,1820,20,4430,270,2416,1,23.4,75
10/06/2019,585,1800,10,4150,280,2415,2,26.4,29
11/06/2019,586,1800,10,3870,280,2413,0,28.3,33
12/06/2019,587,1800,5,3590,280,2413,0,24.6,60
13/06/2019,588,1800,15,3320,270,2413,1,22.8,75
14/06/2019,589,1800,25,3050,270,2412,1,22.6,73
15/06/2019,590,1800,20,2770,280,2411,1,23.6,75
16/06/2019,591,1820,20,2465,305,2410,1,26.5,46
17/06/2019,592,1820,20,2170,295,2409,0,22.3,75
18/06/2019,593,1820,15,1885,285,2409,1,23.8,75
19/06/2019,594,1820,15,1600,285,2408,0,24.2,55
20/06/2019,595,1820,25,1295,305,2408,0,24.5,68
21/06/2019,596,1820,15,1005,290,2408,0,24.9,66
22/06/2019,597,1820,20,720,285,2408,1,24.6,71
23/06/2019,598,1800,20,5495,325,2407,1,26.9,62
24/06/2019,599,1800,10,5205,290,2406,0,29.8,42
25/06/2019,600,1800,15,4925,280,2406,1,32.2,33
26/06/2019,601,1800,15,4645,280,2405,2,28.8,44
27/06/2019,602,1800,20,4365,280,2403,0,26.8,55
28/06/2019,603,1800,25,4095,270,2403,0,24.7,70
29/06/2019,604,1800,25,3810,285,2403,0,25.6,71
30/06/2019,605,1800,15,3530,280,2403,3,25.1,79
01/07/2019,606,1800,25,3245,285,2400,0,26.9,45
02/07/2019,607,1800,20,2955,290,2400,0,25.8,49
03/07/2019,608,1800,20,2680,275,2400,1,26.1,45
04/07/2019,609,1800,30,2435,245,2399,2,26.9,47
05/07/2019,610,1800,15,2160,275,2397,1,26.2,66
06/07/2019,611,1800,15,1875,285,2396,0,25.8,76
07/07/2019,612,1800,15,1595,280,2396,0,26.8,72
08/07/2019,613,1800,20,1315,280,2396,0,26.5,66
09/07/2019,614,1790,25,1035,280,2396,1,26.6,70
10/07/2019,615,1780,10,730,305,2395,0,27.5,62
11/07/2019,616,1780,20,440,290,2395,0,28.4,62
12/07/2019,617,1770,15,145,295,2395,1,27.5,61
13/07/2019,618,1770,15,5035,260,2394,1,24.7,60
14/07/2019,619,1770,25,4765,270,2393,3,26.8,52
15/07/2019,620,1760,20,4495,270,2390,0,25.3,58
16/07/2019,621,1760,20,4225,270,2390,1,27.4,44
17/07/2019,622,1760,20,3940,285,2389,1,31,46
18/07/2019,623,1760,20,3680,260,2388,0,26.2,61
19/07/2019,624,1750,25,3410,270,2388,0,25.2,67
20/07/2019,625,1750,10,3130,280,2388,2,25.4,71
21/07/2019,626,1750,10,2865,265,2386,0,24.7,77
22/07/2019,627,1750,20,2575,290,2386,1,26.6,71
23/07/2019,628,1740,20,2290,285,2385,0,28.9,40
24/07/2019,629,1740,20,2020,270,2385,2,28.3,39
25/07/2019,630,1740,20,1745,275,2383,2,27,64
26/07/2019,631,1710,20,1470,275,2381,0,26.8,57
27/07/2019,632,1710,20,1200,270,2381,1,25.8,72
28/07/2019,633,1700,20,930,270,2380,0,26.6,64
29/07/2019,634,1700,20,615,315,2380,1,27,63
30/07/2019,635,1700,20,385,230,2379,0,29.7,42
31/07/2019,636,1700,20,110,275,2379,1,32.1,37
01/08/2019,637,1700,15,4900,270,2378,0,27.6,66
02/08/2019,638,1700,30,4655,245,2378,0,26.2,72
03/08/2019,639,1690,30,4395,260,2378,0,25.7,71
04/08/2019,640,1690,30,4130,265,2378,1,27.3,69
05/08/2019,641,1690,30,3870,260,2377,0,27.9,71
06/08/2019,642,1680,30,3605,265,2377,1,26.5,54
07/08/2019,643,1680,30,3325,280,2376,0,26.8,58
08/08/2019,644,1680,30,3080,245,2376,0,26.5,69
09/08/2019,645,1650,30,2810,270,2376,2,26,69
10/08/2019,646,1650,30,2555,255,2374,0,26.1,70
11/08/2019,647,1620,15,2300,255,2374,0,25.7,72
12/08/2019,648,1620,30,2045,255,2374,0,27,69
13/08/2019,649,1600,30,1770,275,2374,1,28.6,44
14/08/2019,650,1600,30,1505,265,2373,0,27.6,45
15/08/2019,651,1600,25,1245,260,2373,0,26.6,65
16/08/2019,652,1600,30,970,275,2373,0,31,20
17/08/2019,653,1580,25,720,250,2373,1,25.7,70
18/08/2019,654,1580,25,465,255,2372,0,26.5,60
19/08/2019,655,1580,25,210,255,2372,1,26.4,59
20/08/2019,656,1580,25,0,210,2371,3,25.9,64
21/08/2019,657,1580,20,4755,255,2368,2,27.2,46
22/08/2019,658,1570,20,4485,270,2366,1,28.8,41
23/08/2019,659,1570,20,4225,260,2365,1,29.5,44
24/08/2019,660,1570,30,3930,295,2364,1,29.6,43
25/08/2019,661,1570,35,3695,235,2363,1,28,67
26/08/2019,662,1570,25,3410,285,2362,0,28.1,61
27/08/2019,663,1570,20,3150,260,2362,0,27.7,65
28/08/2019,664,1570,20,2890,260,2362,0,27.2,67
29/08/2019,665,1570,30,2620,270,2362,0,27.2,67
30/08/2019,666,1570,25,2355,265,2362,0,27.5,67
31/08/2019,667,1570,30,2075,280,2362,1,27.4,65
01/09/2019,668,1570,20,1830,245,2361,1,28.6,56
02/09/2019,669,1570,30,1570,260,2360,1,27.4,52
03/09/2019,670,1550,30,1300,270,2359,2,26.1,63
04/09/2019,671,1550,10,1055,245,2357,0,26,61
05/09/2019,672,1540,30,800,255,2357,0,25.4,66
06/09/2019,673,1540,15,545,255,2357,1,25.3,62
07/09/2019,674,1540,30,270,275,2356,0,25.1,58
08/09/2019,675,1540,30,5065,205,2356,2,25,72
09/09/2019,676,1530,15,4830,235,2354,0,25.4,67
10/09/2019,677,1530,20,4560,270,2354,0,25.6,68
11/09/2019,678,1530,20,4310,250,2354,2,25.2,68
12/09/2019,679,1520,25,4040,270,2352,0,24.5,69
13/09/2019,680,1520,30,3785,255,2352,2,25.6,66
14/09/2019,681,1510,20,3535,250,2350,0,25.9,61
15/09/2019,682,1510,15,3270,265,2350,0,24.2,57
16/09/2019,683,1500,25,3035,235,2350,1,24.6,69
17/09/2019,684,1500,25,2765,270,2349,1,26.5,32
18/09/2019,685,1500,30,2560,205,2348,1,32.5,26
19/09/2019,686,1500,30,2265,295,2347,0,30.9,50
20/09/2019,687,1500,15,2015,250,2347,0,26.8,47
21/09/2019,688,1500,25,1775,240,2347,2,24,59
22/09/2019,689,1500,35,1510,265,2345,1,25.4,62
23/09/2019,690,1500,15,1250,260,2344,2,23.9,40
24/09/2019,691,1500,30,970,280,2342,0,25.6,56
25/09/2019,692,1500,30,720,250,2342,2,25.1,49
26/09/2019,693,1490,25,5450,250,2340,0,27.4,46
27/09/2019,694,1490,25,5200,250,2340,1,28.3,51
28/09/2019,695,1490,25,4950,250,2339,2,24.2,66
29/09/2019,696,1490,25,4700,250,2337,0,24.6,71
30/09/2019,697,1490,20,4450,250,2337,2,25.6,73
01/10/2019,698,1460,25,4220,230,2335,0,24.7,73
02/10/2019,699,1460,25,3995,225,2335,2,24.5,66
03/10/2019,700,1460,25,3745,250,2333,0,23.6,62
04/10/2019,701,1460,25,3480,265,2333,1,25.3,58
05/10/2019,702,1450,30,3215,265,2332,1,25.9,52
06/10/2019,703,1450,20,2970,245,2331,2,23.5,70
07/10/2019,704,1440,20,2710,260,2329,0,24.2,57
08/10/2019,705,1440,15,2440,270,2329,2,25.7,58
09/10/2019,706,1440,25,2195,245,2327,2,26.9,49
10/10/2019,707,1440,25,1945,250,2325,0,27.1,50
11/10/2019,708,1440,20,1660,285,2325,1,25.5,57
12/10/2019,709,1430,20,1415,245,2324,1,25.2,58
13/10/2019,710,1430,25,1155,260,2323,0,29.3,34
14/10/2019,711,1430,17,875,280,2323,1,32.8,21
15/10/2019,712,1420,20,615,260,2322,1,31.8,25
16/10/2019,713,1420,23,4940,250,2321,1,28.9,49
17/10/2019,714,1420,30,4730,210,2320,1,24,75
18/10/2019,715,1420,10,4490,240,2319,0,22.8,66
19/10/2019,716,1420,20,4245,245,2319,0,21.5,74
20/10/2019,717,1420,10,4005,240,2319,1,20.8,80
21/10/2019,718,1420,20,3745,260,2318,1,22.2,69
22/10/2019,719,1420,15,3475,270,2317,0,23.2,44
23/10/2019,720,1420,25,3215,260,2317,1,22,53
24/10/2019,721,1400,30,2970,245,2316,1,20.3,58
25/10/2019,722,1400,20,2730,240,2315,2,22.3,44
26/10/2019,723,1400,30,2455,275,2313,1,16.6,85
27/10/2019,724,1400,20,2230,225,2312,0,21.9,55
28/10/2019,725,1390,20,1970,260,2312,1,19.6,80
29/10/2019,726,1380,20,1740,230,2311,2,19.4,76
30/10/2019,727,1380,30,1475,265,2309,0,19.6,75
31/10/2019,728,1380,30,1215,260,2309,2,21.2,53
01/11/2019,729,1380,25,980,235,2307,0,18.3,79
02/11/2019,730,1380,25,724,256,2307,0,19.4,79
03/11/2019,731,1380,25,480,244,2307,2,21.6,49
04/11/2019,732,1360,25,980,180,2305,3,23.5,34
05/11/2019,733,1350,25,800,180,2302,0,24.8,31
06/11/2019,734,1350,25,620,180,2302,2,25.2,27
07/11/2019,735,1350,30,450,180,2300,1,24.4,30
08/11/2019,736,1350,30,270,180,2299,2,24.8,32
09/11/2019,737,1340,30,140,130,2297,1,24.3,29
10/11/2019,738,1320,30,130,130,2296,2,24.9,18
11/11/2019,739,1320,30,0,0,2294,1,24.8,15
12/11/2019,,0,0,0,0,2293,0,23.3,17
13/11/2019,,0,0,0,0,0,0,22.9,48
14/11/2019,,0,0,0,0,0,0,24.7,45
15/11/2019,,0,0,0,0,0,0,19.3,78
16/11/2019,,0,0,0,0,0,0,17.8,62
17/11/2019,,0,0,0,0,0,0,17.7,15
18/11/2019,,0,0,0,0,0,0,16.1,14
19/11/2019,,0,0,0,0,0,0,16,18
20/11/2019,,0,0,0,0,0,0,17.5,19
21/11/2019,,0,0,0,0,0,0,17.2,15
22/11/2019,,0,0,0,0,0,0,17.3,19
23/11/2019,,0,0,0,0,0,0,15.9,65
24/11/2019,,0,0,0,0,0,0,17.5,27
25/11/2019,,0,0,0,0,0,0,17.7,35
26/11/2019,,0,0,0,0,0,0,19.9,32
27/11/2019,,0,0,0,0,0,0,15.6,57
28/11/2019,,0,0,0,0,0,0,17.7,57
29/11/2019,,0,0,0,0,0,0,17.7,64
30/11/2019,,0,0,0,0,0,0,19.3,33
01/12/2019,,0,0,0,0,0,0,16.6,73
02/12/2019,,0,0,0,0,0,0,12.7,93
03/12/2019,,0,0,0,0,0,0,14.1,62
04/12/2019,,0,0,0,0,0,0,13.8,77
05/12/2019,,0,0,0,0,0,0,12.9,100
06/12/2019,,0,0,0,0,0,0,10.7,82
07/12/2019,,0,0,0,0,0,0,11.9,67
08/12/2019,,0,0,0,0,0,0,11.2,100
09/12/2019,,0,0,0,0,0,0,9.1,100
10/12/2019,,0,0,0,0,0,0,11.7,100
11/12/2019,,0,0,0,0,0,0,13.7,78
12/12/2019,,0,0,0,0,0,0,13.3,75
13/12/2019,,0,0,0,0,0,0,7.5,100
14/12/2019,,0,0,0,0,0,0,12.5,53
15/12/2019,,0,0,0,0,0,0,10.9,51
16/12/2019,,0,0,0,0,0,0,12.3,78
17/12/2019,,0,0,0,0,0,0,13.5,76
18/12/2019,,0,0,0,0,0,0,15.4,45
19/12/2019,,0,0,0,0,0,0,15.3,39
20/12/2019,,0,0,0,0,0,0,16.2,27
21/12/2019,,0,0,0,0,0,0,16.3,29
22/12/2019,,0,0,0,0,0,0,16.1,26
23/12/2019,,0,0,0,0,0,0,14.4,39
24/12/2019,,0,0,0,0,0,0,14.3,58
25/12/2019,,0,0,0,0,0,0,6.8,100
26/12/2019,,0,0,0,0,0,0,6.9,100
27/12/2019,,0,0,0,0,0,0,8.2,100
28/12/2019,,0,0,0,0,0,0,6.9,100
29/12/2019,,0,0,0,0,0,0,8.5,93
30/12/2019,,0,0,0,0,0,0,8,100
31/12/2019,,0,0,0,0,0,0,8,88
01/01/2020,120,0,0,0,0,2489,0,9.3,99
02/01/2020,121,0,0,3375,0,2489,0,6.5,100
03/01/2020,122,0,0,3160,215,2489,0,6.2,100
04/01/2020,123,0,0,2930,230,2489,0,5.4,100
05/01/2020,124,0,0,2715,215,2489,0,8,100
06/01/2020,125,0,0,2490,225,2489,0,9.8,72
07/01/2020,126,0,0,2275,215,2489,0,8.8,87
08/01/2020,127,0,0,2095,180,2489,0,5.6,100
09/01/2020,128,0,0,1885,210,2489,0,4.4,100
10/01/2020,129,0,0,1675,210,2489,0,8,95
11/01/2020,130,0,0,1455,220,2489,0,9.5,80
12/01/2020,131,0,0,1245,210,2489,0,9.7,97
13/01/2020,132,0,0,1040,205,2489,0,10.7,100
14/01/2020,133,0,0,835,205,2489,0,11,86
15/01/2020,134,0,0,635,200,2489,0,12.8,62
16/01/2020,135,30,0,415,220,2489,0,14.6,61
17/01/2020,136,30,0,5275,220,2489,0,7.7,88
18/01/2020,137,60,0,5100,175,2489,0,8.4,100
19/01/2020,138,60,0,4885,215,2489,0,8,100
20/01/2020,139,60,0,4700,185,2489,0,6.4,100
21/01/2020,140,100,0,4485,215,2489,0,5.1,100
22/01/2020,141,100,0,4280,205,2489,0,7.4,92
23/01/2020,142,120,0,4055,225,2489,0,8.3,81
24/01/2020,143,120,0,3840,215,2489,0,6.1,71
25/01/2020,144,120,0,3620,220,2489,0,8.6,63
26/01/2020,145,160,0,3365,255,2489,0,9.5,75
27/01/2020,146,180,0,3140,225,2489,0,11.1,83
28/01/2020,147,240,0,2915,225,2489,0,11,80
29/01/2020,148,300,0,2710,205,2489,0,9.4,100
30/01/2020,149,300,0,2510,200,2489,0,9.2,100
31/01/2020,150,360,0,2340,170,2489,0,7.5,59
01/02/2020,151,360,0,1950,390,2489,0,9.8,97
02/02/2020,152,720,0,1690,260,2489,0,11,96
03/02/2020,153,720,0,1430,260,2489,0,13.5,67
04/02/2020,154,720,0,1185,245,2489,0,10.8,96
05/02/2020,155,900,5,950,235,2489,0,13.4,77
06/02/2020,156,900,0,690,260,2489,0,15.1,67
07/02/2020,157,1300,5,420,270,2489,0,7.6,99
08/02/2020,158,1400,5,150,270,2489,0,4.3,100
09/02/2020,159,1420,0,5170,290,2489,0,4.5,63
10/02/2020,160,1620,5,4740,290,2489,0,3.7,76
11/02/2020,161,1620,5,4477,263,2489,0,4.6,87
12/02/2020,162,1620,0,4215,262,2489,0,8.3,100
13/02/2020,163,1700,5,3930,285,2489,0,14.4,70
14/02/2020,164,1700,0,3660,270,2489,0,10.9,74
15/02/2020,165,1750,5,3365,295,2489,0,13.1,43
16/02/2020,166,1760,5,3085,280,2489,0,13.2,58
17/02/2020,167,1790,10,2815,270,2489,0,11.3,71
18/02/2020,168,1790,5,2545,270,2489,0,13.9,59
19/02/2020,169,1800,10,2260,285,2489,0,11.2,93
20/02/2020,170,1800,10,1990,270,2489,0,11.3,82
21/02/2020,171,1800,0,1690,300,2489,0,10.6,93
22/02/2020,172,1800,10,1405,285,2489,0,10.3,98
23/02/2020,173,1830,0,1120,285,2489,0,10.4,74
24/02/2020,174,1830,10,830,290,2489,0,10.6,99
25/02/2020,175,1830,10,5655,290,2489,0,9.2,100
26/02/2020,176,1830,10,5355,300,2489,0,11.5,90
27/02/2020,177,1830,5,5075,280,2489,0,14.5,46
28/02/2020,178,1920,0,4775,300,2489,0,16.2,66
29/02/2020,179,1920,0,4475,300,2489,0,8.8,100
01/03/2020,180,1960,5,4200,275,2489,0,9.5,81
02/03/2020,181,1960,5,3920,280,2489,0,9.8,91
03/03/2020,182,1960,5,3610,310,2489,0,14.9,70
04/03/2020,183,1960,5,3310,300,2489,0,19.7,34
05/03/2020,184,1970,5,3005,305,2489,0,19.7,35
06/03/2020,185,1970,5,2730,275,2489,0,10.1,99
07/03/2020,186,1970,5,2450,280,2489,0,13,90
08/03/2020,187,1970,5,2160,285,2489,0,19,41
09/03/2020,188,1970,5,1885,275,2489,0,20.5,40
10/03/2020,189,1970,5,1580,305,2489,0,14.6,90
11/03/2020,190,1970,5,1310,270,2489,0,21.5,43
12/03/2020,191,1970,5,985,325,2489,0,20.9,44
13/03/2020,192,1970,5,5705,280,2489,0,10.1,100
14/03/2020,193,1980,5,5430,280,2489,0,11.9,100
15/03/2020,194,1980,5,5200,230,2489,0,14.7,95
16/03/2020,195,1980,5,4955,245,2489,0,16,71
17/03/2020,196,1980,5,4655,300,2489,0,7.7,100
18/03/2020,197,1980,5,4375,280,2489,0,7.8,77
19/03/2020,198,1980,5,4095,280,2489,0,8.5,88
20/03/2020,199,1980,5,3810,285,2489,0,6.7,98
21/03/2020,200,1980,5,3500,310,2489,0,7.7,94
22/03/2020,201,1990,5,3200,295,2489,1,11.5,67
23/03/2020,202,1990,5,2915,285,2488,0,15.6,29
24/03/2020,203,1990,5,2630,285,2488,1,15.9,84
25/03/2020,204,2000,5,2335,295,2487,0,14.4,76
26/03/2020,205,2000,5,2035,300,2487,1,17.2,56
27/03/2020,206,2000,5,1725,310,2486,0,19.7,48
28/03/2020,207,2020,5,1435,290,2486,1,12.9,89
29/03/2020,208,2020,5,1145,290,2485,0,14.1,75
30/03/2020,209,2020,5,845,300,2485,1,16.2,56
31/03/2020,210,2020,5,5625,300,2484,1,19,43
01/04/2020,211,2020,5,5325,300,2483,0,11.4,100
02/04/2020,212,2020,5,5046,279,2483,0,14.3,66
03/04/2020,213,2020,5,4730,316,2483,0,16.4,45
04/04/2020,214,2050,6,4435,295,2483,0,20.9,32
05/04/2020,215,2050,9,4105,330,2483,1,24.5,31
06/04/2020,216,2090,5,3825,280,2482,0,17,77
07/04/2020,217,2090,5,3520,305,2482,0,15.3,64
08/04/2020,218,2120,7,3220,300,2482,2,12.6,80
09/04/2020,219,2120,3,2940,300,2480,0,14.5,75
10/04/2020,220,2120,3,2640,300,2480,0,11,95
11/04/2020,221,2170,3,2350,290,2480,2,13.2,92
12/04/2020,222,2170,3,2055,295,2478,1,15.4,74
13/04/2020,223,2170,5,1725,330,2477,0,16.5,81
14/04/2020,224,2170,5,1425,300,2477,0,21,58
15/04/2020,225,2200,8,1115,310,2477,0,19.8,49
16/04/2020,226,2200,2,805,310,2477,3,22.2,40
17/04/2020,227,2200,11,500,305,2474,0,16.5,85
18/04/2020,228,2200,10,200,300,2474,0,20.8,67
19/04/2020,229,2200,5,4950,300,2474,1,24.3,40
20/04/2020,230,2200,7,4650,300,2473,1,25.7,43
21/04/2020,231,2200,6,4360,290,2472,0,24.3,74
22/04/2020,232,2200,7,4050,310,2472,1,25.2,33
23/04/2020,233,2200,5,3745,305,2471,0,16.2,83
24/04/2020,234,2200,5,3470,275,2471,1,21.5,41
25/04/2020,235,2200,2,3155,315,2470,1,14.2,83
26/04/2020,236,2200,2,2870,285,2469,0,14.2,74
27/04/2020,237,2200,4,2575,295,2469,2,17.4,56
28/04/2020,238,2200,2,2285,290,2467,0,20,53
29/04/2020,239,2200,5,2010,275,2467,2,15.3,91
30/04/2020,240,2200,15,1715,295,2465,1,19.4,72
01/05/2020,241,2000,8,1430,285,2464,0,20,51
02/05/2020,242,1900,3,1140,290,2464,2,17.5,70
03/05/2020,243,1800,13,870,270,2462,2,21,52
04/05/2020,244,1760,5,615,255,2460,1,20.7,55
05/05/2020,245,1710,6,370,245,2459,0,14.2,100
06/05/2020,246,1710,6,5470,245,2459,0,13.6,100
07/05/2020,247,1680,12,5230,240,2459,2,20.8,64
08/05/2020,248,1680,7,4940,290,2457,1,27.6,20
09/05/2020,249,1680,8,4650,290,2456,0,16.7,86
10/05/2020,250,1680,19,4395,255,2456,1,18.9,60
11/05/2020,251,1680,8,4098,297,2455,1,22.3,69
12/05/2020,252,1680,13,3785,313,2454,2,27.4,42
13/05/2020,253,1680,33,3480,305,2452,1,28.6,44
14/05/2020,254,1680,28,3200,280,2451,0,29.7,43
15/05/2020,255,1680,38,2890,310,2451,2,32.3,19
16/05/2020,256,1700,37,2635,255,2449,1,32.6,26
17/05/2020,257,1700,56,2355,280,2448,4,34.3,29
18/05/2020,258,1720,62,2145,210,2444,4,34.5,20
19/05/2020,259,1720,68,1910,235,2440,1,33.8,24
20/05/2020,260,1740,58,1590,320,2439,1,33.8,21
21/05/2020,261,1740,47,1345,245,2438,0,33.6,22
22/05/2020,262,1740,58,1055,290,2438,0,23.7,77
23/05/2020,263,1740,30,820,235,2438,1,18.2,86
24/05/2020,264,1740,43,530,290,2437,1,15.4,59
25/05/2020,265,1740,65,255,275,2436,0,19.6,61
26/05/2020,266,1740,56,255,0,2436,0,25.9,32
27/05/2020,267,1740,87,4745,255,2436,1,22.4,61
28/05/2020,268,1740,65,4450,295,2435,0,18.7,72
29/05/2020,269,1740,48,4165,285,2435,1,17.5,61
30/05/2020,270,1740,76,3910,255,2434,1,18.9,66
31/05/2020,271,1740,34,3635,275,2433,1,21.8,65
01/06/2020,272,1740,28,3360,275,2432,0,23.3,45
02/06/2020,273,1740,98,3090,270,2432,0,20.8,77
03/06/2020,274,1740,25,2840,250,2432,0,19.9,67
04/06/2020,275,1740,44,2580,260,2432,1,23.9,45
05/06/2020,276,1740,33,2270,310,2431,1,26.1,57
06/06/2020,277,1740,30,2000,270,2430,1,29.5,35
07/06/2020,278,1740,51,1720,280,2429,0,27.9,45
08/06/2020,279,1740,55,1470,250,2429,1,24.8,51
09/06/2020,280,1740,46,1200,270,2428,0,24.7,62
10/06/2020,281,1740,30,920,280,2428,1,22.9,68
11/06/2020,282,1740,35,655,265,2427,0,22.7,69
12/06/2020,283,1740,30,395,260,2427,0,23.4,54
13/06/2020,284,1740,30,126,269,2427,1,28.7,29
14/06/2020,285,1740,30,4880,236,2426,1,22.7,59
15/06/2020,286,1740,28,4650,230,2425,1,22.7,71
16/06/2020,287,1740,28,4405,245,2424,0,23.9,65
17/06/2020,288,1740,23,4085,320,2424,2,27.5,39
18/06/2020,289,1740,13,3760,325,2422,0,22.6,76
19/06/2020,290,1740,30,3505,255,2422,1,21.3,74
20/06/2020,291,1740,27,3250,255,2421,2,22.8,80
21/06/2020,292,1720,21,3005,245,2419,4,26.4,58
22/06/2020,293,1720,25,2655,350,2415,2,25.2,63
23/06/2020,294,1720,38,2375,280,2413,0,24.6,58
24/06/2020,295,1720,25,2115,260,2413,0,22.2,65
25/06/2020,296,1740,30,1780,335,2413,2,22.9,79
26/06/2020,297,1740,29,1595,185,2411,1,24.9,74
27/06/2020,298,1750,12,1345,250,2410,1,25.5,76
28/06/2020,299,1750,17,980,365,2409,5,26.2,72
29/06/2020,300,1750,25,700,280,2404,0,24.1,82
30/06/2020,301,1750,14,400,300,2404,3,23.8,84
01/07/2020,302,1750,12,5165,215,2401,1,24.4,74
02/07/2020,303,1780,29,4880,285,2400,2,27.3,72
03/07/2020,304,1780,19,4575,305,2398,4,30.6,50
04/07/2020,305,1810,27,4290,285,2394,4,26.5,73
05/07/2020,306,1810,26,4020,270,2390,1,25.2,82
06/07/2020,307,1810,37,3740,280,2389,2,25.3,83
07/07/2020,308,1810,26,3440,300,2387,3,25,77
08/07/2020,309,1810,21,3140,300,2384,5,25.9,62
09/07/2020,310,1810,13,2845,295,2379,1,24.1,81
10/07/2020,311,1810,13,2555,290,2378,1,25.4,78
11/07/2020,312,1800,12,2265,290,2377,0,25.6,84
12/07/2020,313,1800,32,1985,280,2377,2,26,81
13/07/2020,314,1800,22,1705,280,2375,2,26.1,79
14/07/2020,315,1800,13,1410,295,2373,0,28,77
15/07/2020,316,1800,18,1140,270,2373,0,28,71
16/07/2020,317,1800,16,845,295,2373,1,25.4,78
17/07/2020,318,1800,14,545,300,2372,1,26.1,69
18/07/2020,319,1800,25,285,260,2371,4,26.8,67
19/07/2020,320,1800,34,20,265,2367,3,29.4,67
20/07/2020,321,1800,32,4790,290,2364,2,29.8,67
21/07/2020,322,1800,25,4480,310,2362,0,27,57
22/07/2020,323,1800,27,4210,270,2362,0,27.2,68
23/07/2020,324,1800,20,3950,260,2362,1,28.2,72
24/07/2020,325,1800,22,3660,290,2361,3,27.9,73
25/07/2020,326,1800,17,3375,285,2358,2,27.9,70
26/07/2020,327,1800,23,3105,270,2356,4,30.3,68
27/07/2020,328,1800,19,2840,265,2352,1,32.1,61
28/07/2020,329,1800,14,2535,305,2351,0,29,68
29/07/2020,330,1800,18,2240,295,2351,1,32.1,41
30/07/2020,331,1800,35,1975,265,2350,0,31.1,51
31/07/2020,332,1800,29,1725,250,2350,0,28.5,65
01/08/2020,333,1800,19,1445,280,2350,2,28,69
02/08/2020,334,1800,28,1150,295,2348,1,27.7,71
03/08/2020,335,1800,24,855,295,2347,1,27.2,65
04/08/2020,336,1800,24,565,290,2346,1,27.7,71
05/08/2020,337,1800,27,285,280,2345,2,26.7,73
06/08/2020,338,1800,21,5085,295,2343,1,26.8,80
07/08/2020,339,1800,18,4785,300,2342,1,28.1,73
08/08/2020,340,1810,30,4495,290,2341,1,26.9,78
09/08/2020,341,1810,20,4205,290,2340,1,24.9,68
10/08/2020,342,1810,21,3915,290,2339,1,25.1,75
11/08/2020,343,1810,18,3630,285,2338,0,24.3,81
12/08/2020,344,1810,20,3335,295,2338,2,25.1,82
13/08/2020,345,1810,28,3050,285,2336,1,27,75
14/08/2020,346,1810,30,2750,300,2335,0,27.1,77
15/08/2020,347,1810,25,2480,270,2335,2,28.1,73
16/08/2020,348,1810,20,2150,330,2333,2,28.3,63
17/08/2020,349,1810,19,1855,295,2331,0,28.4,53
18/08/2020,350,1810,23,1555,300,2331,1,27.2,73
19/08/2020,351,1810,24,1260,295,2330,1,27.4,67
20/08/2020,352,1810,12,965,295,2329,1,26.1,65
21/08/2020,353,1810,18,675,290,2328,2,25.8,70
22/08/2020,354,1810,16,395,280,2326,1,25.6,70
23/08/2020,355,1810,25,5195,220,2325,1,27.2,62
24/08/2020,356,1810,20,4920,275,2324,1,28.1,63
25/08/2020,357,1810,20,4630,290,2323,1,27.1,68
26/08/2020,358,1810,25,4355,275,2322,1,27.2,53
27/08/2020,359,1810,18,4055,300,2321,0,25.6,68
28/08/2020,360,1810,23,3795,260,2321,3,27.4,73
29/08/2020,361,1810,11,3505,290,2318,1,34.1,54
30/08/2020,362,1810,26,3225,280,2317,1,36.5,32
31/08/2020,363,1810,23,2945,280,2316,2,35.3,52
01/09/2020,364,1820,20,2710,235,2314,0,28.9,80
02/09/2020,365,1820,21,2420,290,2314,1,27.6,71
03/09/2020,366,1820,17,2170,250,2313,138,38.3,27
04/09/2020,367,1820,14,1895,275,2175,0,38.7,23
05/09/2020,368,1820,15,1675,220,2175,0,35.8,39
06/09/2020,369,1820,17,1380,295,2175,0,30.7,63
07/09/2020,370,1820,22,1105,275,2175,2,34.3,45
08/09/2020,371,1820,24,840,265,2173,0,31.5,61
09/09/2020,372,1820,16,585,255,2173,0,31,69
10/09/2020,373,1820,17,5465,140,2173,1,32.1,65
11/09/2020,374,1810,20,5210,255,2172,0,29.5,67
12/09/2020,375,1810,11,4925,285,2172,0,29.9,42
13/09/2020,376,1810,12,4660,265,2172,3,27.4,55
14/09/2020,377,1810,21,4405,255,2169,1,28.5,38
15/09/2020,378,1810,23,4165,240,2168,0,30.2,62
16/09/2020,379,1810,19,3905,260,2168,3,30.9,62
17/09/2020,380,1810,24,3635,270,2165,3,28.8,59
18/09/2020,381,1810,20,3375,260,2162,0,29.4,52
19/09/2020,382,1810,22,3105,270,2162,1,30.5,27
20/09/2020,383,1820,14,2840,265,2161,1,29.8,37
21/09/2020,384,1820,18,2580,260,2160,1,26.6,57
22/09/2020,385,1820,32,2330,250,2159,1,26,68
23/09/2020,386,1820,28,2090,240,2158,1,25.7,71
24/09/2020,387,1820,13,1830,260,2157,1,25,71
25/09/2020,388,1820,20,1565,265,2156,0,24.5,74
26/09/2020,389,1820,18,1285,280,2156,0,25.1,63
27/09/2020,390,1820,24,1020,265,2156,0,29,56
28/09/2020,391,1830,18,745,275,2156,0,29,37
29/09/2020,392,1830,21,5530,235,2156,0,30.5,48
30/09/2020,393,1830,19,5305,225,2156,1,27.6,63
01/10/2020,394,1840,24,5040,265,2155,1,25.6,66
02/10/2020,395,1840,25,4780,260,2154,0,23.6,70
03/10/2020,396,1840,16,4520,260,2154,0,22.3,82
04/10/2020,397,1840,18,4265,255,2154,0,22.2,83
05/10/2020,398,1840,22,3990,275,2154,0,26.3,39
06/10/2020,399,1840,20,3695,295,2154,2,29.5,31
07/10/2020,400,1840,26,3430,265,2152,0,31,20
08/10/2020,401,1840,15,3155,275,2152,2,32.9,14
09/10/2020,402,1840,28,2890,265,2150,1,32.1,15
10/10/2020,403,1840,16,2610,280,2149,0,26.1,76
11/10/2020,404,1840,24,2375,235,2149,1,24.9,70
12/10/2020,405,1840,14,2100,275,2148,2,23.6,81
13/10/2020,406,1840,29,1830,270,2146,1,23,58
14/10/2020,407,1840,26,1555,275,2145,0,22.8,71
15/10/2020,408,1840,26,1280,275,2145,0,23.1,74
16/10/2020,409,1840,35,1005,275,2145,1,22.8,71
17/10/2020,410,1840,25,730,275,2144,5,26.1,55
18/10/2020,411,1840,33,455,275,2139,0,27.1,42
19/10/2020,412,1840,17,150,305,2139,1,28.5,26
20/10/2020,413,1840,25,4835,335,2138,0,30.1,21
21/10/2020,414,1840,24,4645,190,2138,0,22.1,84
22/10/2020,415,1840,19,4350,295,2138,1,28.5,27
23/10/2020,416,1840,23,4070,280,2137,1,29.7,21
24/10/2020,417,1840,10,3765,305,2136,1,28.5,15
25/10/2020,418,1840,20,3485,280,2135,0,27,19
26/10/2020,419,1840,21,3195,290,2135,1,29.4,14
27/10/2020,420,1840,23,2940,255,2134,0,29.1,13
28/10/2020,421,1840,22,2685,255,2134,0,22.9,89
29/10/2020,422,1840,17,2430,255,2134,0,25.3,76
30/10/2020,423,1840,16,2165,265,2134,1,24.5,74
31/10/2020,424,1840,22,1890,275,2133,0,22.6,78
01/11/2020,425,1840,14,1625,265,2133,0,21,80
02/11/2020,426,1840,31,1350,275,2133,0,19.7,81
03/11/2020,427,1840,18,1080,270,2133,1,19.8,77
04/11/2020,428,1840,16,815,265,2132,1,14.1,100
05/11/2020,429,1840,19,565,250,2131,1,16.5,68
06/11/2020,430,1840,20,295,270,2130,1,16.2,91
07/11/2020,431,1840,12,4995,230,2129,1,19,63
08/11/2020,432,1840,14,4765,230,2128,1,20,56
09/11/2020,433,1840,18,4525,240,2127,1,19.6,56
10/11/2020,434,1840,19,4255,270,2126,1,19.5,53
11/11/2020,435,1840,29,4000,255,2125,2,18.9,76
12/11/2020,436,1830,24,3750,250,2123,1,15.3,85
13/11/2020,437,1830,37,3470,280,2122,1,21.1,41
14/11/2020,438,1830,11,3190,280,2121,0,21.2,47
15/11/2020,439,1830,18,2925,265,2121,1,12.3,100
16/11/2020,440,1830,16,2675,250,2120,1,14.3,88
17/11/2020,441,1830,24,2405,270,2119,0,16.9,63
18/11/2020,442,1830,38,2150,255,2119,2,17.5,52
19/11/2020,443,1820,24,1855,295,2117,0,18.5,51
20/11/2020,444,1820,15,1590,265,2117,2,12.2,100
21/11/2020,445,1820,15,1340,250,2115,0,11.5,100
22/11/2020,446,1820,16,1070,270,2115,2,14.3,97
23/11/2020,447,1820,28,815,255,2113,0,17.3,64
24/11/2020,448,1820,14,530,285,2113,1,17.6,50
25/11/2020,449,1810,20,255,275,2112,0,16,58
26/11/2020,450,1810,23,4840,395,2112,0,10.5,100
27/11/2020,451,1810,17,4570,270,2112,0,13.8,87
28/11/2020,452,1800,16,4290,280,2112,0,13.8,77
29/11/2020,453,1800,19,4035,255,2112,0,15,75
30/11/2020,454,1800,14,3760,275,2112,2,15.1,67
01/12/2020,455,1830,19,3505,255,2110,2,15.5,60
02/12/2020,456,1830,15,3225,280,2108,2,16.2,69
03/12/2020,457,1790,16,2960,265,2106,2,14.4,70
04/12/2020,458,1790,15,2675,285,2104,0,15.1,73
05/12/2020,459,1790,17,2415,260,2104,0,11.8,87
06/12/2020,460,1770,12,2160,255,2104,2,12.1,99
07/12/2020,461,1770,15,1900,260,2102,3,14.6,73
08/12/2020,462,1760,15,1620,280,2099,1,15.3,75
09/12/2020,463,1760,20,1340,280,2098,2,14.8,70
10/12/2020,464,1760,26,1085,255,2096,2,15.2,54
11/12/2020,465,1740,23,800,285,2094,0,14.8,56
12/12/2020,466,1740,23,515,285,2094,2,14.8,48
13/12/2020,467,1740,16,250,265,2092,0,16.5,47
14/12/2020,468,1730,15,5190,160,2092,2,16.1,59
15/12/2020,469,1730,13,4935,255,2090,1,8.8,99
16/12/2020,470,1730,13,4700,235,2089,2,8.8,100
17/12/2020,471,1730,8,4445,255,2087,0,10.5,100
18/12/2020,472,1730,18,4180,265,2087,1,13,77
19/12/2020,473,1720,12,3925,255,2086,0,13.5,70
20/12/2020,474,1720,10,3695,230,2086,2,15.5,62
21/12/2020,475,1720,10,3385,310,2084,1,14.8,63
22/12/2020,476,1720,12,3090,295,2083,0,13.2,72
23/12/2020,477,1720,12,2800,290,2083,2,12.2,83
24/12/2020,478,1710,12,2615,185,2081,0,12,72
25/12/2020,479,1710,18,2355,260,2081,1,11.7,66
26/12/2020,480,1710,15,2060,295,2080,0,12.7,50
27/12/2020,481,1710,21,1795,265,2080,1,11.4,39
28/12/2020,482,1710,15,1525,270,2079,0,10.4,70
29/12/2020,483,1710,21,1275,250,2079,1,12,66
30/12/2020,484,1710,17,1010,265,2078,1,13.6,57
31/12/2020,485,1710,20,735,275,2077,1,14.6,58
01/01/2021,486,1740,26,5555,170,2230,1,15.3,68
02/01/2021,487,1740,25,5285,270,2229,1,14.7,67
03/01/2021,488,1700,11,5015,270,2228,0,17.1,60
04/01/2021,489,1700,22,4745,270,2228,3,16.2,59
05/01/2021,490,1700,14,4475,270,2225,2,15.6,59
06/01/2021,491,1680,10,4220,255,2223,2,15.5,59
07/01/2021,492,1680,22,3955,265,2221,0,16.4,45
08/01/2021,493,1680,17,3680,275,2221,1,15.2,43
09/01/2021,494,1680,9,3405,275,2220,0,15.9,32
10/01/2021,495,1650,13,3168,237,2220,0,16.8,39
11/01/2021,496,1650,22,2930,238,2220,1,17.4,40
12/01/2021,497,1650,10,2645,285,2219,1,17.4,43
13/01/2021,498,1650,10,2365,280,2218,2,14,51
14/01/2021,499,1650,13,2120,245,2216,0,7.6,100
15/01/2021,500,1650,15,1885,235,2216,1,10.5,85
16/01/2021,501,1650,15,1605,280,2215,1,8,96
17/01/2021,502,1630,16,1340,265,2214,2,9.1,100
18/01/2021,503,1630,23,1075,265,2212,0,9.2,75
19/01/2021,504,1630,9,815,260,2212,0,7.8,100
20/01/2021,505,1630,15,540,275,2212,1,3.5,100
21/01/2021,506,1630,20,5405,185,2211,0,8.1,63
22/01/2021,507,1630,19,5125,280,2211,1,8.5,48
23/01/2021,508,1630,15,4840,285,2210,0,10.2,36
24/01/2021,509,1620,15,4590,250,2210,2,11.6,41
25/01/2021,510,1620,16,4350,240,2208,0,12.4,45
26/01/2021,511,1620,21,4110,240,2208,0,12.9,55
27/01/2021,512,1620,17,3830,280,2208,0,13.3,45
28/01/2021,513,1620,21,3540,290,2208,1,8.2,88
29/01/2021,514,1620,17,3320,220,2207,0,6.3,94
30/01/2021,515,1620,18,3055,265,2207,1,6.3,100
31/01/2021,516,1620,24,2790,265,2206,3,11.2,100
01/02/2021,517,1630,16,2525,265,2203,1,15.1,62
02/02/2021,518,1630,24,2230,295,2202,2,18.1,40
03/02/2021,519,1610,21,1945,285,2200,0,16.8,55
04/02/2021,520,1610,25,1670,275,2200,0,11.9,78
05/02/2021,521,1610,23,1425,245,2200,2,14.8,80
06/02/2021,522,1610,27,1170,255,2198,2,14.2,72
07/02/2021,523,1610,22,890,280,2196,0,14.8,76
08/02/2021,524,1600,20,620,270,2196,1,18.2,40
09/02/2021,525,1600,14,335,285,2195,1,19.6,41
10/02/2021,526,1600,23,5140,195,2194,0,16.6,55
11/02/2021,527,1600,22,4900,240,2194,0,15.4,70
12/02/2021,528,1600,16,4660,240,2194,2,15.8,68
13/02/2021,529,1600,23,4370,290,2192,0,14.2,74
14/02/2021,530,1590,24,4080,290,2192,1,17.9,36
15/02/2021,531,1590,21,3815,265,2191,0,13.1,65
16/02/2021,532,1590,22,3550,265,2191,2,12.6,70
17/02/2021,533,1590,18,3275,275,2189,0,1.3,100
18/02/2021,534,1580,31,3005,270,2189,1,4.4,100
19/02/2021,535,1580,23,2740,265,2188,2,4.8,100
20/02/2021,536,1580,20,2460,280,2186,2,8.9,58
21/02/2021,537,1580,16,2175,285,2184,2,10.2,49
22/02/2021,538,1580,21,1885,290,2182,3,11.6,52
23/02/2021,539,1570,33,1600,285,2179,2,14.7,42
24/02/2021,540,1570,21,1325,275,2177,1,13.6,52
25/02/2021,541,1570,24,1055,270,2176,0,13.9,66
26/02/2021,542,1570,26,795,260,2176,1,15.4,40
27/02/2021,543,1570,17,510,285,2175,0,17.2,36
28/02/2021,544,1570,25,215,295,2175,0,14.1,67
01/03/2021,545,1610,22,5030,215,2175,1,9,100
02/03/2021,546,1610,15,4790,240,2174,0,11.8,77
03/03/2021,547,1590,18,4510,280,2174,1,8.7,97
04/03/2021,548,1590,12,4235,275,2173,1,6.3,99
05/03/2021,549,1580,18,3975,260,2172,1,12.8,72
06/03/2021,550,1580,25,3700,275,2171,0,16.1,49
07/03/2021,551,1570,14,3405,295,2171,0,13.3,72
08/03/2021,552,1570,15,3125,280,2171,0,12.5,71
09/03/2021,553,1570,24,2840,285,2171,0,15.8,61
10/03/2021,554,1550,23,2565,275,2171,0,22.6,32
11/03/2021,555,1550,14,2265,300,2171,0,12.9,87
12/03/2021,556,1550,26,2000,265,2171,0,10.7,66
13/03/2021,557,1550,19,1730,270,2171,1,13.1,66
14/03/2021,558,1500,28,1445,285,2170,0,15.6,66
15/03/2021,559,1540,20,1180,265,2170,0,18.2,62
16/03/2021,560,1540,32,885,295,2170,0,14.4,59
17/03/2021,561,1540,25,605,280,2170,1,13.8,65
18/03/2021,562,1540,28,5360,285,2169,1,12.7,60
19/03/2021,563,1540,32,5190,170,2168,0,12.9,67
20/03/2021,564,1530,25,4935,255,2168,0,19.6,37
21/03/2021,565,1530,23,4670,265,2168,3,22.4,26
22/03/2021,566,1530,17,4375,295,2165,0,14.8,87
23/03/2021,567,1530,16,4115,260,2165,1,23,39
24/03/2021,568,1530,19,3860,255,2164,0,8.3,98
25/03/2021,569,1530,31,3605,255,2164,2,8.2,95
26/03/2021,570,1530,30,3350,255,2162,1,7.2,90
27/03/2021,571,1520,21,3090,260,2161,0,8.3,66
28/03/2021,572,1520,21,2815,275,2161,1,11.9,50
29/03/2021,573,1520,16,2545,270,2160,1,13.3,61
30/03/2021,574,1520,12,2275,270,2159,1,15.4,65
31/03/2021,575,1520,20,1990,285,2158,1,13.5,66
01/04/2021,576,1490,24,1750,240,2157,1,13.4,60
02/04/2021,577,1490,40,1490,260,2156,2,8.1,98
03/04/2021,578,1490,35,1235,255,2154,0,13,67
04/04/2021,579,1490,29,970,265,2154,1,15.2,68
05/04/2021,580,1490,20,710,260,2153,0,22.5,28
06/04/2021,581,1490,19,410,300,2153,3,26.3,17
07/04/2021,582,1480,26,5080,310,2150,0,23.8,33
08/04/2021,583,1480,24,4835,245,2150,0,18.7,70
09/04/2021,584,1480,23,4580,255,2150,1,14.6,71
10/04/2021,585,1480,24,4305,275,2149,0,7.1,80
11/04/2021,586,1480,22,4040,265,2149,1,10.8,60
12/04/2021,587,1480,28,3785,255,2148,1,11.4,71
13/04/2021,588,1480,18,3515,270,2147,0,13.6,64
14/04/2021,589,1480,23,3245,270,2147,1,19.3,51
15/04/2021,590,1480,22,2980,265,2146,0,24.5,30
16/04/2021,591,1480,20,2710,270,2146,3,26.4,33
17/04/2021,592,1480,30,2425,285,2143,1,28.3,24
18/04/2021,593,1470,23,2155,270,2142,1,31.9,19
19/04/2021,594,1470,22,1910,245,2141,0,31.7,23
20/04/2021,595,1470,21,1655,255,2141,1,29.1,28
21/04/2021,596,1470,19,1400,255,2140,0,18.6,51
22/04/2021,597,1470,23,1140,260,2140,2,19.4,45
23/04/2021,598,1470,30,890,250,2138,1,26.6,29
24/04/2021,599,1470,19,615,275,2137,2,27.3,50
25/04/2021,600,1460,29,345,270,2135,0,26.3,40
26/04/2021,601,1460,18,5185,255,2135,0,14.9,81
27/04/2021,602,1460,33,4930,255,2135,1,17.4,70
28/04/2021,603,1460,24,4665,265,2134,0,22.2,66
29/04/2021,604,1460,17,4405,260,2134,1,29.6,43
30/04/2021,605,1460,21,4145,260,2133,1,27.7,31
01/05/2021,606,1460,26,3865,280,2132,1,25,40
02/05/2021,607,1470,25,3610,255,2131,1,25.1,37
03/05/2021,608,1470,27,3345,265,2130,0,22.5,39
04/05/2021,609,1480,24,3095,250,2130,2,30.5,31
05/05/2021,610,1480,9,2835,260,2128,1,26.6,30
06/05/2021,611,1480,22,2570,265,2127,2,22.5,43
07/05/2021,612,1490,14,2315,255,2125,3,24,41
08/05/2021,613,1490,25,2045,270,2122,0,28.4,29
09/05/2021,614,1490,28,1760,285,2122,4,29.5,24
10/05/2021,615,1480,15,1510,250,2118,0,25.4,60
11/05/2021,616,1480,30,1235,275,2118,2,24.7,34
12/05/2021,617,1480,23,950,285,2116,1,23.1,60
13/05/2021,618,1480,25,700,250,2115,2,21.5,62
14/05/2021,619,1480,15,5510,180,2113,3,23.2,59
15/05/2021,620,1470,13,5250,260,2110,1,21.5,69
16/05/2021,621,1470,8,4975,275,2109,3,24.5,47
17/05/2021,622,1470,33,4720,255,2106,2,23,54
18/05/2021,623,1470,19,4470,250,2104,0,21.3,70
19/05/2021,624,1470,20,4220,250,2104,3,26.3,55
20/05/2021,625,1470,21,3970,250,2101,1,29.7,42
21/05/2021,626,1470,30,3730,240,2100,0,22.9,59
22/05/2021,627,1470,21,3485,245,2100,1,19.4,58
23/05/2021,628,1460,19,3240,245,2099,0,18.8,73
24/05/2021,629,1460,23,3000,240,2099,2,21.6,58
25/05/2021,630,1460,31,2780,220,2097,0,26.1,44
26/05/2021,631,1450,27,2530,250,2097,2,26,48
27/05/2021,632,1450,29,2285,245,2095,0,27.5,35
28/05/2021,633,1450,19,2050,235,2095,1,25.7,49
29/05/2021,634,1440,17,1815,235,2094,2,23.1,64
30/05/2021,635,1440,17,1590,225,2092,2,24.6,44
31/05/2021,636,1440,28,1350,240,2090,1,30.9,21
01/06/2021,637,1440,25,1125,225,2089,1,24.9,39
02/06/2021,638,1440,22,5990,125,2088,1,21.7,60
03/06/2021,639,1400,27,5765,225,2087,0,22,52
04/06/2021,640,1380,34,5520,245,2087,0,21,64
05/06/2021,641,1350,15,5295,225,2087,1,21.7,63
06/06/2021,642,1320,39,5060,235,2086,2,23.2,57
07/06/2021,643,1320,22,4820,240,2084,2,24.1,61
08/06/2021,644,1320,28,4585,235,2082,0,22.9,58
09/06/2021,645,1310,32,4355,230,2082,0,27.3,42
10/06/2021,646,1310,20,4105,250,2082,1,24.2,46
11/06/2021,647,1300,32,3860,245,2081,1,22.8,60
12/06/2021,648,1300,43,3640,220,2080,1,26.5,34
13/06/2021,649,1300,29,3380,260,2079,1,27.9,47
14/06/2021,650,1300,25,3150,230,2078,2,22.7,61
15/06/2021,651,1300,30,2905,245,2076,1,22.8,59
16/06/2021,652,1300,34,2685,220,2075,0,22.2,64
17/06/2021,653,1290,33,2440,245,2075,1,21.9,62
18/06/2021,654,1290,18,2190,250,2074,0,22.8,66
19/06/2021,655,1290,28,1955,235,2074,1,23,66
20/06/2021,656,1290,22,1720,235,2073,2,23.4,66
21/06/2021,657,1290,23,1475,245,2071,1,24.8,60
22/06/2021,658,1290,25,1240,235,2070,1,24.5,61
23/06/2021,659,1290,21,1005,235,2069,2,24.8,58
24/06/2021,660,1290,19,5840,240,2067,1,25.7,62
25/06/2021,661,1290,32,5610,230,2066,3,28,49
26/06/2021,662,1290,18,5365,245,2063,1,26,68
27/06/2021,663,1290,26,5135,230,2062,2,29,50
28/06/2021,664,1280,30,4900,235,2060,3,29.6,46
29/06/2021,665,1280,35,4660,240,2057,1,29.6,50
30/06/2021,666,1280,20,4420,240,2056,2,30,49
01/07/2021,667,1280,20,4180,240,2054,2,29.6,52
02/07/2021,668,1260,33,3950,230,2052,1,30.6,43
03/07/2021,669,1260,25,3720,230,2051,0,29.4,47
04/07/2021,670,1250,32,3490,230,2051,0,25.9,56
05/07/2021,671,1250,33,3270,220,2051,0,26.5,66
06/07/2021,672,1230,20,3050,220,2051,0,25.7,64
07/07/2021,673,1230,22,2830,220,2051,1,28.3,52
08/07/2021,674,1230,21,2610,220,2050,3,28.2,63
09/07/2021,675,1220,25,2390,220,2047,3,27,60
10/07/2021,676,1220,30,2170,220,2044,1,26.8,65
11/07/2021,677,1220,32,1950,220,2043,0,27.4,64
12/07/2021,678,1220,21,1730,220,2043,4,28,64
13/07/2021,679,1210,27,1510,220,2039,1,27.2,58
14/07/2021,680,1210,20,1290,220,2038,1,26.3,64
15/07/2021,681,1210,21,1070,220,2037,0,27.9,66
16/07/2021,682,1200,24,850,220,2037,2,28.7,66
17/07/2021,683,1200,30,640,210,2035,0,30.8,32
18/07/2021,684,1200,19,430,210,2035,0,31.1,47
19/07/2021,685,1190,33,220,210,2035,0,30.3,59
20/07/2021,686,1190,17,220,220,2035,1,28,50
21/07/2021,687,1190,9,2100,210,2034,0,27,58
22/07/2021,688,1190,21,1880,220,2034,1,23.9,76
23/07/2021,689,1190,22,1670,210,2033,2,26.2,68
24/07/2021,690,1190,26,1460,210,2031,0,26.1,70
25/07/2021,691,1190,24,1240,220,2031,0,25.9,80
26/07/2021,692,1190,18,1025,215,2031,2,27.8,67
27/07/2021,693,1190,33,800,225,2029,1,28,63
28/07/2021,694,1190,22,540,260,2028,1,28.6,59
29/07/2021,695,1190,20,335,205,2027,1,28.5,64
30/07/2021,696,1190,21,135,200,2026,2,28.3,63
31/07/2021,697,1190,22,135,0,2024,1,29,49
01/08/2021,698,1190,85,0,0,2023,1,29.7,48
02/08/2021,699,1210,20,0,0,2022,0,31.4,38
03/08/2021,700,1200,20,0,0,0,0,31.3,39
04/08/2021,701,1200,25,0,0,0,0,32.8,36
05/08/2021,702,0,0,0,0,0,0,31.2,38
06/08/2021,703,0,0,0,0,0,0,31.2,28
07/08/2021,704,0,0,0,0,0,0,31.8,36
08/08/2021,705,0,0,0,0,0,0,27.5,62
09/08/2021,706,0,0,0,0,0,0,28.5,61
10/08/2021,707,0,0,0,0,0,0,28.5,62
11/08/2021,708,0,0,0,0,0,0,29.6,51
12/08/2021,709,0,0,0,0,0,0,28.8,57
13/08/2021,710,0,0,0,0,0,0,29.7,51
14/08/2021,711,0,0,0,0,0,0,28.7,54
15/08/2021,712,0,0,0,0,0,0,29.1,54
16/08/2021,713,0,0,0,0,0,0,27.7,56
17/08/2021,714,0,0,0,0,0,0,27.1,64
18/08/2021,715,0,0,0,0,0,0,26.7,56
19/08/2021,716,0,0,0,0,0,0,26.7,62
20/08/2021,717,0,0,0,0,0,0,29,63
21/08/2021,718,0,0,0,0,0,0,30.9,62
22/08/2021,719,0,0,0,0,0,0,28.7,63
23/08/2021,720,0,0,3270,320,3001,0,27.4,59
24/08/2021,721,0,0,3090,180,3001,0,28.4,57
25/08/2021,722,0,0,2910,180,3001,0,29.7,59
26/08/2021,723,0,0,2550,180,3001,0,31.1,58
27/08/2021,724,0,0,2380,170,3001,0,32.7,46
28/08/2021,725,0,0,2190,190,3001,0,29.8,53
29/08/2021,726,0,0,1990,200,3001,0,28.3,59
30/08/2021,727,0,0,1790,200,3001,0,29.3,54
31/08/2021,728,0,0,1575,215,3001,0,27.6,58
01/09/2021,729,0,0,1320,255,3001,0,28.7,52
02/09/2021,730,0,0,1085,235,3001,0,27.2,60
03/09/2021,731,0,0,880,205,3001,0,27.6,63
04/09/2021,732,0,0,640,240,3001,0,27.9,41
05/09/2021,733,0,0,440,200,3001,1,27.2,53
06/09/2021,734,0,0,3180,190,3000,0,26.2,60
07/09/2021,735,0,0,2960,220,3000,0,26,66
08/09/2021,736,0,0,2745,215,3000,1,26.9,57
09/09/2021,737,0,0,2510,235,2999,0,30.1,38
10/09/2021,738,0,0,2305,205,2999,0,23.5,72
11/09/2021,739,0,0,2090,215,2999,0,21.9,74
12/09/2021,740,0,0,1900,190,2999,0,24.6,63
13/09/2021,741,0,0,1650,250,2999,0,28.6,41
14/09/2021,742,0,0,1430,220,2999,0,26.4,62
15/09/2021,743,0,0,1195,235,2999,0,25.3,57
16/09/2021,744,0,0,960,235,2999,0,25.3,61
17/09/2021,745,0,0,735,225,2999,1,24.7,58
18/09/2021,746,0,0,510,225,2998,0,26.2,61
19/09/2021,747,0,0,240,270,2998,0,26.7,51
20/09/2021,748,0,0,5200,70,2998,0,28.3,53
21/09/2021,749,0,0,4960,240,2998,0,29.3,48
22/09/2021,750,0,0,4735,225,2998,0,26.1,63
23/09/2021,751,0,0,4520,215,2998,0,22.1,71
24/09/2021,752,0,0,4260,260,2998,0,22.3,53
25/09/2021,753,0,0,4020,240,2998,0,23.3,51
26/09/2021,754,0,0,3760,260,2998,0,30.3,21
27/09/2021,755,0,0,3500,260,2998,0,25.4,58
28/09/2021,756,0,0,3280,320,2998,0,23.5,59
29/09/2021,757,0,0,3015,265,2998,1,24.5,62
30/09/2021,758,0,0,2780,235,2997,0,24.4,64
01/10/2021,759,1920,0,2525,255,2997,0,25.9,63
02/10/2021,760,900,0,2245,280,2997,0,23.5,70
03/10/2021,761,1020,0,1975,270,2997,0,21.8,63
04/10/2021,762,1020,0,1700,275,2997,0,23.7,55
05/10/2021,763,1290,0,1420,280,2997,0,22.7,52
06/10/2021,764,1290,0,1135,285,2997,0,22.9,49
07/10/2021,765,1290,0,845,290,2997,0,26.3,42
08/10/2021,766,1290,0,550,295,2997,0,29.4,32
09/10/2021,767,1650,0,260,290,2997,0,25.6,59
10/10/2021,768,1630,0,5080,190,2997,0,26.4,47
11/10/2021,769,1650,0,4750,330,2997,1,24.9,67
12/10/2021,770,1800,0,4450,300,2996,0,28.3,33
13/10/2021,771,1800,0,4140,310,2996,0,24.2,42
14/10/2021,772,1910,0,3835,305,2996,0,24.8,39
15/10/2021,773,1910,0,3495,340,2996,0,25.3,44
16/10/2021,774,2030,0,3200,295,2996,0,22,60
17/10/2021,775,2030,0,2910,290,2996,1,21,65
18/10/2021,776,2130,0,2585,325,2995,0,21.9,52
19/10/2021,777,2160,0,2260,325,2995,0,19.1,71
20/10/2021,778,2180,0,1965,295,2995,0,21.8,58
21/10/2021,779,2230,0,1635,330,2995,0,21.8,55
22/10/2021,780,2230,0,1300,335,2995,0,21.4,59
23/10/2021,781,2230,0,980,320,2995,0,20.9,57
24/10/2021,782,2320,0,670,310,2995,0,21.1,68
25/10/2021,783,2230,0,5425,235,2995,0,21.6,65
26/10/2021,784,2350,0,5085,340,2995,0,20.3,66
27/10/2021,785,2350,0,4760,325,2995,0,21.9,49
28/10/2021,786,2400,0,4430,330,2995,1,25.7,32
29/10/2021,787,2510,0,4100,330,2994,0,25.5,31
30/10/2021,788,2510,0,3785,315,2994,0,22.6,54
31/10/2021,789,2560,0,3440,345,2994,0,21.4,48
01/11/2021,790,2560,0,3110,330,2994,0,21.5,48
02/11/2021,791,2590,0,2780,330,2994,0,20.2,70
03/11/2021,792,2590,0,2460,320,2994,1,18.9,67
04/11/2021,793,2590,0,2140,320,2993,0,22.9,55
05/11/2021,794,2590,0,1795,345,2993,0,25,32
06/11/2021,795,2590,0,1450,345,2993,0,25,27
07/11/2021,796,2590,0,1110,340,2993,0,25.1,25
08/11/2021,797,2590,0,780,330,2993,0,24.3,23
09/11/2021,798,2590,0,445,335,2993,0,24,18
10/11/2021,799,2590,0,130,315,2993,0,19.8,44
11/11/2021,800,2590,0,2310,300,2993,0,18.1,53
12/11/2021,801,2590,0,2010,300,2993,0,20.1,20
13/11/2021,802,2590,0,1675,335,2993,0,20.5,26
14/11/2021,803,2590,0,1380,295,2993,0,20.1,25
15/11/2021,804,2590,0,1065,315,2993,0,21.3,37
16/11/2021,805,2590,0,745,320,2993,1,20.4,43
17/11/2021,806,2590,0,415,330,2992,0,20.8,32
18/11/2021,807,2600,0,4280,245,2992,0,18.7,71
19/11/2021,808,2600,0,3985,295,2992,0,14.8,83
20/11/2021,809,2600,0,3655,330,2992,1,9.2,100
21/11/2021,810,2600,0,3325,330,2991,0,13.4,79
22/11/2021,811,2600,0,2980,345,2991,0,15.2,59
23/11/2021,812,2600,0,2665,315,2991,0,17.8,48
24/11/2021,813,2600,0,2335,330,2991,1,17.9,44
25/11/2021,814,2600,0,1980,355,2990,0,17.6,61
26/11/2021,815,2600,0,1660,320,2990,0,17.2,73
27/11/2021,816,2620,0,1325,335,2990,0,20.7,37
28/11/2021,817,2620,0,975,350,2990,0,23.5,24
29/11/2021,818,2620,0,650,325,2990,1,23.5,36
30/11/2021,819,2620,0,290,360,2989,0,25.1,24
01/12/2021,820,2620,0,5060,230,2989,0,12.4,100
02/12/2021,821,2620,0,4750,310,2989,0,18.5,51
03/12/2021,822,2620,0,4415,335,2989,0,16.1,50
04/12/2021,823,2620,0,4035,380,2989,0,15.7,48
05/12/2021,824,2620,0,3665,370,2989,0,14.4,63
06/12/2021,825,2620,0,3310,355,2989,0,18.3,59
07/12/2021,826,2620,0,2955,355,2989,0,13.4,43
08/12/2021,827,2620,0,2570,385,2989,0,7.6,100
09/12/2021,828,2620,0,2245,325,2989,0,12.8,77
10/12/2021,829,2580,0,1910,335,2989,0,15.7,58
11/12/2021,830,2580,0,1550,360,2989,0,19.3,41
12/12/2021,831,2500,0,1200,350,2989,0,20.7,34
13/12/2021,832,2500,0,865,335,2989,0,21.8,30
14/12/2021,833,2450,0,515,350,2989,0,17.7,36
15/12/2021,834,2400,0,220,295,2989,1,10.9,99
16/12/2021,835,2300,0,5015,185,2988,0,10.6,78
17/12/2021,836,2300,0,4745,270,2988,0,8.3,100
18/12/2021,837,2200,0,4510,235,2988,1,7.2,100
19/12/2021,838,1920,0,4250,260,2987,1,10,67
20/12/2021,839,1760,0,3980,270,2986,0,5,100
21/12/2021,840,1550,0,3750,230,2986,0,7.6,100
22/12/2021,841,1380,0,3495,255,2986,0,8.9,100
23/12/2021,842,1250,0,3215,280,2986,1,7.7,100
24/12/2021,843,1180,0,2920,295,2985,0,6.8,100
25/12/2021,844,1180,0,2620,300,2985,0,8.2,80
26/12/2021,845,1250,0,2310,310,2985,0,11.7,55
27/12/2021,846,1250,0,1990,320,2985,0,12.7,55
28/12/2021,847,1300,0,1675,315,2985,0,11.5,58
29/12/2021,848,1320,0,1355,320,2985,0,10.7,53
30/12/2021,849,1350,0,1045,310,2985,0,11.6,62
31/12/2021,850,1640,0,730,315,2985,0,13.1,61
